age,income,total_deductions,old_tax,new_tax
24,178149,100000,0.0,0.0
22,223207,120414,0.0,0.0
25,179416,147136,0.0,0.0
26,215488,196765,0.0,0.0
24,205854,245885,0.0,0.0
26,412167,100000,0.0,3108.3500000000004
27,405678,120074,0.0,2783.9
24,424667,153314,0.0,3733.3500000000004
25,394235,198766,0.0,2211.75
25,415356,245154,0.0,3267.8
22,615461,101440,701.0500000000001,13273.050000000001
22,588240,128200,0.0,11912.0
24,606968,151950,0.0,12848.400000000001
24,582654,203374,0.0,11632.7
22,577523,245376,0.0,11376.150000000001
24,793668,100000,9683.4,24366.8
25,791337,121978,8467.95,24133.7
23,776722,149459,6363.150000000001,22672.2
28,808058,203316,5237.1,25805.8
23,785390,253725,1583.25,23539.0
22,1009246,104317,43485.8,45924.600000000006
24,990867,125043,35664.8,44086.7
24,981060,154577,27796.6,43106.0
28,995040,197013,22105.4,44504.0
22,981336,250075,11563.050000000001,43133.600000000006
22,1514468,101729,161321.7,132893.6
23,1501106,124982,150337.2,130221.20000000001
26,1490838,151822,139204.8,128167.6
26,1491415,201135,124584.0,128283.0
23,1499775,253642,111726.6,129955.0
25,1990107,100000,304532.1,272032.1
27,1978450,120629,294846.3,268535.0
22,1978345,147363,286794.6,268503.5
27,2023272,197926,285103.8,281981.6
27,2013541,254615,265177.8,279062.3
26,197711,102086,0.0,0.0
27,188651,127640,0.0,0.0
25,213398,152797,0.0,0.0
25,175367,203997,0.0,0.0
27,186999,254911,0.0,0.0
24,419962,100000,0.0,3498.1000000000004
28,420890,126734,0.0,3544.5
23,392830,146062,0.0,2141.5
27,409949,196375,0.0,2997.4500000000003
28,416906,250030,0.0,3345.3
24,583725,100000,0.0,11686.25
28,624154,126272,0.0,13707.7
24,603125,148897,0.0,12656.25
29,598356,197739,0.0,12417.800000000001
28,615266,246253,0.0,13263.300000000001
29,810975,101856,10455.95,26097.5
29,814813,123613,9560.0,26481.3
27,784026,153841,6509.25,23402.6
26,775490,198206,3864.2000000000003,22549.0
23,812913,247451,3273.1000000000004,26291.3
25,1018854,100000,46270.8,46885.4
25,988797,120420,36175.4,43879.7
24,995951,148327,32024.8,44595.100000000006
23,990914,199147,20853.4,44091.4
23,1009933,254134,13659.8,45993.3
29,1504857,100000,158957.1,130971.4
29,1487382,124987,146218.5,127476.4
24,1475111,149888,135066.9,125022.20000000001
27,1493875,203575,124590.0,128775.0
23,1488060,245879,110936.20000000001,127612.0
28,1975060,100595,299839.5,267518.0
26,1988090,121534,297466.8,271427.0
26,2011074,150295,295733.69999999995,278322.19999999995
24,2016208,199963,282373.5,279862.4
27,1988619,252087,258459.6,271585.69999999995
27,186160,100034,0.0,0.0
27,179434,129779,0.0,0.0
24,222410,154062,0.0,0.0
26,194637,201804,0.0,0.0
27,190741,250001,0.0,0.0
29,394384,101537,0.0,2219.2000000000003
29,392586,123750,0.0,2129.3
27,387048,149688,0.0,1852.4
26,389330,197010,0.0,1966.5
25,400837,245342,0.0,2541.8500000000004
29,588572,101416,0.0,11928.6
26,607644,129269,0.0,12882.2
26,617645,152035,0.0,13382.25
30,620728,195967,0.0,13536.400000000001
24,585852,252697,0.0,11792.6
25,812555,100000,10627.75,26255.5
25,779354,124562,7739.6,22935.4
29,776478,152908,6178.5,22647.8
28,823779,203285,6024.700000000001,27377.9
27,775673,245644,1501.45,22567.3
26,983731,104155,38415.2,43373.100000000006
27,1018364,123924,41388.0,46836.4
28,989263,148171,30718.4,43926.3
28,1012060,198797,25152.6,46206.0
28,1005521,245216,14561.0,45552.100000000006
25,1507833,103102,158919.3,131566.6
29,1478549,127437,142833.6,125709.8
29,1489244,145461,140634.9,127848.8
25,1505376,201239,128741.1,131075.2
27,1486913,246714,110539.8,127382.6
30,2008047,100000,309914.1,277414.1
29,1987030,121302,297218.4,271109.0
26,2017108,146949,298547.69999999995,280132.4
30,2012750,204471,279983.69999999995,278825.0
26,1998602,250384,261965.4,274580.6
31,216525,100000,0.0,0.0
29,222830,122460,0.0,0.0
26,175734,152593,0.0,0.0
31,213081,204603,0.0,0.0
28,197742,252943,0.0,0.0
26,384181,104034,0.0,1709.0500000000002
27,420826,121568,0.0,3541.3
29,399539,154804,0.0,2476.9500000000003
28,405135,198737,0.0,2756.75
31,417710,249144,0.0,3385.5
28,589234,100000,0.0,11961.7
28,610589,125922,0.0,13029.45
28,596261,148463,0.0,12313.050000000001
28,612526,199904,0.0,13126.300000000001
31,624182,248196,0.0,13709.1
31,788862,100000,9443.1,23886.2
29,822772,126748,9801.2,27277.2
30,779697,145166,6726.55,22969.7
28,791857,200777,4554.0,24185.7
26,804496,252051,2622.25,25449.6
27,994030,101639,40978.2,44403.0
29,986139,126538,34420.2,43613.9
28,987856,147042,30662.8,43785.600000000006
28,1007108,204379,23045.800000000003,45710.8
29,1015163,249270,15678.6,46516.3
26,1513538,103234,160591.2,132707.6
30,1513405,126723,153504.6,132681.0
27,1509366,150139,145268.1,131873.2
27,1512369,204448,129876.3,132473.8
25,1511752,245572,117354.0,132350.4
31,2015901,100000,312270.3,279770.3
25,2004946,122872,302122.19999999995,276483.8
29,2023139,150224,299374.5,281941.69999999995
29,1992316,196448,276260.4,272694.8
30,1993919,252773,259843.8,273175.69999999995
29,188434,103694,0.0,0.0
27,183505,121123,0.0,0.0
30,222294,149569,0.0,0.0
26,193499,197529,0.0,0.0
31,201937,250400,0.0,0.0
30,424263,100000,0.0,3713.15
29,379872,127410,0.0,1493.6000000000001
30,405336,145066,0.0,2766.8
30,392632,195254,0.0,2131.6
31,386026,245613,0.0,1801.3000000000002
28,589299,104966,0.0,11964.95
26,612392,127671,0.0,13119.6
32,619624,146922,0.0,13481.2
31,595261,197873,0.0,12263.050000000001
30,601319,246969,0.0,12565.95
27,810321,100000,10516.050000000001,26032.1
30,784644,128466,7808.900000000001,23464.4
27,778623,154713,6195.5,22862.3
26,785785,204864,4046.05,23578.5
26,816471,248353,3405.9,26647.1
31,1005192,101549,43228.600000000006,45519.2
30,989900,120654,36349.2,43990.0
27,985809,147602,30141.4,43580.9
32,1019980,201183,26259.4,46998.0
26,978635,252936,11284.95,42863.5
31,1490915,100000,154774.5,128183.0
26,1524674,123859,157744.5,134934.8
29,1503686,154667,142205.7,130737.20000000001
28,1506826,197011,130444.5,131365.2
31,1498305,247164,112842.3,129661.0
31,1988930,100000,304179.0,271679.0
32,1997160,126244,298774.8,274148.0
32,2005108,150172,293980.8,276532.4
31,1998574,200073,277050.3,274572.19999999995
27,1996295,249156,261641.69999999998,273888.5
27,222218,100777,0.0,0.0
31,183232,120195,0.0,0.0
33,186282,152794,0.0,0.0
32,197758,199535,0.0,0.0
32,187257,253227,0.0,0.0
29,407631,103887,0.0,2881.55
31,384369,129004,0.0,1718.45
29,399957,154725,0.0,2497.8500000000004
31,411432,200758,0.0,3071.6000000000004
28,384520,246554,0.0,1726.0
32,598612,100000,0.0,12430.6
31,600638,125171,0.0,12531.900000000001
28,619037,149339,0.0,13451.85
32,575371,202046,0.0,11268.550000000001
28,602455,245990,0.0,12622.75
30,803402,100775,10131.35,25340.2
33,802566,123689,8943.85,25256.6
33,790530,152247,6914.150000000001,24053.0
27,803133,196981,5307.6,25313.3
28,804245,254695,2477.5,25424.5
27,992590,101410,40736.0,44259.0
27,1003714,123632,38516.4,45371.4
28,1014859,153219,34828.0,46485.9
31,993308,199165,21328.6,44330.8
27,1017295,254564,15046.2,46729.5
27,1504666,100000,158899.8,130933.20000000001
31,1514777,123957,154746.0,132955.4
28,1517552,153646,146671.8,133510.4
29,1476665,203889,119332.8,125333.0
29,1502798,253691,112321.40000000001,130559.6
32,1979097,100000,301229.1,268729.1
30,1977216,121483,294219.9,268164.8
28,1999724,152497,291668.1,274917.19999999995
32,2005422,200395,279008.1,276626.6
28,2019435,249001,268630.19999999995,280830.5
33,203349,101706,0.0,0.0
29,204417,123503,0.0,0.0
31,179865,153221,0.0,0.0
30,214601,201926,0.0,0.0
33,201686,252665,0.0,0.0
33,405782,103258,0.0,2789.1000000000004
29,394872,123330,0.0,2243.6
32,418258,147746,0.0,3412.9
33,423604,203203,0.0,3680.2000000000003
29,378286,250140,0.0,1414.3000000000002
30,612196,103345,442.55,13109.800000000001
33,608731,122780,0.0,12936.550000000001
31,609444,154223,0.0,12972.2
32,593288,201930,0.0,12164.400000000001
33,618938,254928,0.0,13446.900000000001
29,791959,104156,9390.15,24195.9
34,784314,125322,7949.6,23431.4
34,799704,145014,7734.5,24970.4
28,798320,200444,4893.8,24832.0
32,797307,253163,2207.2000000000003,24730.7
32,984794,101272,39204.4,43479.4
29,1004629,123789,38668.0,45462.9
34,984345,153657,28637.6,43434.5
34,978046,195557,18997.8,42804.600000000006
28,984063,254868,11459.75,43406.3
28,1517892,102440,162135.6,133578.4
29,1516052,126992,154218.0,133210.4
34,1485440,148566,138562.2,127088.0
31,1496129,197989,126942.0,129225.8
31,1515314,245475,118451.7,133062.8
29,2017228,104756,311241.6,280168.4
33,1994892,126340,298065.6,273467.6
32,2006796,153017,293633.69999999995,277038.8
32,1984304,204784,271356.0,270291.2
28,2015716,250261,267136.5,279714.8
33,202763,100000,0.0,0.0
29,180108,121793,0.0,0.0
29,209520,146300,0.0,0.0
31,194406,202780,0.0,0.0
29,214123,245290,0.0,0.0
31,420601,102549,0.0,3530.05
33,419314,125697,0.0,3465.7000000000003
34,416055,150101,0.0,3302.75
35,397257,198015,0.0,2362.85
29,422828,250360,0.0,3641.4
35,598803,100000,0.0,12440.150000000001
31,612363,124584,0.0,13118.150000000001
34,579224,148415,0.0,11461.2
31,607888,201836,0.0,12894.400000000001
35,586160,253301,0.0,11808.0
30,806335,104919,10070.800000000001,25633.5
29,807543,126756,9039.35,25754.3
30,820312,154324,8299.4,27031.2
32,815488,200284,5760.200000000001,26548.8
34,784182,254850,1466.6000000000001,23418.2
34,1015404,102311,45118.600000000006,46540.4
30,995946,125981,36493.0,44594.600000000006
31,996143,149423,31844.0,44614.3
29,996151,204647,20800.800000000003,44615.100000000006
29,1019201,245874,17165.4,46920.100000000006
31,1493985,100000,155695.5,128797.0
34,1480929,128973,143086.8,126185.8
30,1521636,145499,150341.1,134327.2
35,1499564,201479,126925.5,129912.8
32,1506076,253555,113256.3,131215.2
31,2019971,100000,313491.3,280991.3
31,2010666,126910,302626.8,278199.8
29,1977872,145697,287152.5,268361.6
30,2021117,195282,285250.5,281335.1
35,2005095,247153,264882.6,276528.5
31,177263,100000,0.0,0.0
36,193037,126373,0.0,0.0
34,180860,149330,0.0,0.0
31,200137,198023,0.0,0.0
31,220800,248473,0.0,0.0
35,394855,101336,0.0,2242.75
32,399772,129142,0.0,2488.6000000000004
34,410060,150697,0.0,3003.0
31,398085,196571,0.0,2404.25
30,421270,252621,0.0,3563.5
34,622208,101665,1027.15,13610.400000000001
36,595257,129855,0.0,12262.85
30,587611,148595,0.0,11880.550000000001
31,623977,197556,0.0,13698.85
32,583007,248788,0.0,11650.35
33,804852,100000,10242.6,25485.2
31,776042,122606,7671.8,22604.2
30,812236,152247,7999.450000000001,26223.6
36,776149,203615,3626.7000000000003,22614.9
32,802224,247244,2749.0,25222.4
32,976619,101850,37453.8,42661.9
36,1012292,122724,40413.600000000006,46229.2
31,985604,154148,28791.2,43560.4
36,1004591,204994,22419.4,45459.100000000006
35,1018706,254572,15326.8,46870.600000000006
36,1495375,100000,156112.5,129075.0
30,1523914,128514,156120.0,134782.8
33,1493159,149180,140693.7,128631.8
32,1507387,204511,128362.8,131477.4
36,1505634,248564,114621.0,131126.8
33,2024268,103426,313752.6,282280.4
35,2022752,129021,305619.3,281825.6
30,1975395,154600,283738.5,267618.5
32,2024803,203931,283761.6,282440.9
30,1978006,245912,257128.19999999998,268401.8
33,184425,101109,0.0,0.0
34,213547,121862,0.0,0.0
37,217947,153173,0.0,0.0
31,214905,197126,0.0,0.0
35,218503,251534,0.0,0.0
35,378979,100000,0.0,1448.95
36,399484,129755,0.0,2474.2000000000003
31,375955,152617,0.0,1297.75
33,397660,204409,0.0,2383.0
36,375541,253827,0.0,1277.0500000000002
31,579786,100000,0.0,11489.300000000001
35,592371,127906,0.0,12118.550000000001
37,606104,150736,0.0,12805.2
33,587551,201558,0.0,11877.550000000001
37,618559,253746,0.0,13427.95
32,787192,100000,9359.6,23719.2
35,803689,122533,9057.800000000001,25368.9
34,823569,147456,8805.65,27356.9
36,809271,197541,5586.5,25927.1
35,819209,250716,3424.65,26920.9
34,996752,100000,41850.4,44675.2
36,1016426,120231,41739.0,46642.600000000006
34,1002195,150767,32785.600000000006,45219.5
34,1014397,195426,26294.2,46439.7
36,993912,252447,12073.25,44391.2
35,1515828,100000,162248.4,133165.6
36,1496435,121156,150083.7,129287.0
32,1493633,153620,139503.9,128726.6
36,1512759,204458,129990.3,132551.8
33,1497205,251297,111681.6,129441.0
32,1993938,100293,305593.5,273181.4
35,1985373,125419,295486.19999999995,270611.9
34,2011012,145920,297027.6,278303.6
32,2004281,197285,279598.8,276284.3
35,2013060,254590,265041.0,278918.0
35,194015,100000,0.0,0.0
38,213438,121810,0.0,0.0
35,182030,146735,0.0,0.0
35,188871,198489,0.0,0.0
35,183742,252552,0.0,0.0
33,402901,101025,0.0,2645.05
37,415950,127311,0.0,3297.5
38,375365,150545,0.0,1268.25
37,393384,202754,0.0,2169.2000000000003
35,409496,251856,0.0,2974.8
33,605576,100000,278.8,12778.800000000001
38,617474,126760,0.0,13373.7
32,621319,154569,0.0,13565.95
35,582056,202584,0.0,11602.800000000001
32,606127,250764,0.0,12806.35
36,804163,100000,10208.150000000001,25416.3
33,797413,120942,8823.550000000001,24741.3
37,804644,151557,7654.35,25464.4
36,779834,203473,3818.05,22983.4
38,776026,246863,1458.15,22602.6
33,1006634,100000,43826.8,45663.4
33,977491,126459,32706.4,42749.100000000006
37,1013010,147321,35637.8,46301.0
32,1009387,203788,23619.800000000003,45938.7
32,984804,254243,11528.050000000001,43480.4
34,1523894,100000,164668.2,134778.8
38,1475286,122758,143258.4,125057.20000000001
35,1513093,153322,145431.3,132618.6
35,1475990,201526,119839.2,125198.0
33,1502191,252442,112449.8,130438.20000000001
35,1978190,100000,300957.0,268457.0
38,1993905,123910,298498.5,273171.5
35,1990703,149314,289916.69999999995,272210.9
32,1985281,199944,273101.1,270584.3
33,2017448,246502,268783.8,280234.4
38,204975,100000,0.0,0.0
33,196723,123034,0.0,0.0
35,212750,154429,0.0,0.0
36,216158,200645,0.0,0.0
33,220559,249186,0.0,0.0
36,414279,100000,0.0,3213.9500000000003
38,417559,125335,0.0,3377.9500000000003
35,403424,154301,0.0,2671.2000000000003
37,410241,202818,0.0,3012.05
36,385491,250090,0.0,1774.5500000000002
35,589387,101142,0.0,11969.35
39,622819,127380,0.0,13640.95
34,599777,149050,0.0,12488.85
33,603724,201234,0.0,12686.2
37,612580,249694,0.0,13129.0
33,805469,100000,10273.45,25546.9
39,823312,129905,9670.35,27331.2
33,808792,149169,7981.150000000001,25879.2
37,811415,200686,5536.450000000001,26141.5
36,789322,254304,1750.9,23932.2
36,995484,100000,41596.8,44548.4
39,1005593,125741,38470.4,45559.3
35,987682,153116,29413.2,43768.2
37,1008160,198427,24446.6,45816.0
34,1009359,246325,15106.8,45935.9
39,1516330,100000,162399.0,133266.0
37,1499337,121102,150970.5,129867.4
39,1522580,145398,150654.6,134516.0
37,1510801,197503,131489.4,132160.2
36,1497707,252598,111521.8,129541.4
36,1983861,101732,302138.69999999995,270158.3
39,2020825,125579,306073.8,281247.5
36,1989052,146427,290287.5,271715.6
38,1994029,195951,276923.4,273208.69999999995
38,1981867,254007,255858.0,269560.1
36,188269,102635,0.0,0.0
36,215444,126467,0.0,0.0
36,192587,151404,0.0,0.0
37,202804,203113,0.0,0.0
34,207563,252082,0.0,0.0
39,424238,104077,0.0,3711.9
37,416801,126253,0.0,3340.05
40,411224,150909,0.0,3061.2000000000003
34,403779,199977,0.0,2688.9500000000003
37,393420,252811,0.0,2171.0
39,609870,100000,493.5,12993.5
37,586898,120484,0.0,11844.900000000001
37,619381,150487,0.0,13469.050000000001
38,596779,201200,0.0,12338.95
35,596890,252478,0.0,12344.5
37,801615,100000,10080.75,25161.5
40,796424,123429,8649.75,24642.4
36,790335,152764,6878.55,24033.5
40,805972,199752,5311.0,25597.2
39,790545,254837,1785.4,24054.5
40,1015624,100000,45624.8,46562.4
37,978013,129057,32291.2,42801.3
37,979213,153368,27669.0,42921.3
36,986882,196536,20569.2,43688.2
34,1011468,245217,15750.2,46146.8
35,1486619,104479,152142.0,127323.8
38,1504622,127430,150657.6,130924.4
36,1500546,149239,142892.1,130109.20000000001
35,1508252,199090,130248.6,131650.4
40,1517268,250520,117524.4,133453.6
40,2013559,100000,311567.69999999995,279067.69999999995
38,2021049,129440,304982.69999999995,281314.69999999995
36,1995726,145672,292516.19999999995,273717.8
38,1984882,201489,272517.9,270464.6
35,1977339,253781,254567.4,268201.7
37,221491,101144,0.0,0.0
40,211968,127328,0.0,0.0
39,202940,153809,0.0,0.0
39,175794,200108,0.0,0.0
37,187506,254127,0.0,0.0
37,387055,100000,0.0,1852.75
39,402965,126834,0.0,2648.25
35,410090,150814,0.0,3004.5
41,420732,197547,0.0,3536.6000000000004
37,421539,252779,0.0,3576.9500000000003
39,594992,101058,0.0,12249.6
40,578641,127690,0.0,11432.050000000001
39,603271,148270,0.0,12663.550000000001
39,577160,199704,0.0,11358.0
40,579395,245489,0.0,11469.75
40,796814,103640,9658.7,24681.4
37,820937,120137,10040.0,27093.7
35,784708,150614,6704.700000000001,23470.8
37,812769,198751,5700.900000000001,26276.9
38,802169,252557,2480.6000000000004,25216.9
39,992237,103341,40279.2,44223.7
40,978551,126098,32990.600000000006,42855.100000000006
36,975566,151735,27266.2,42556.600000000006
38,993670,199109,21412.2,44367.0
40,987159,245072,12104.35,43715.9
39,1513468,100000,161540.4,132693.6
39,1492064,129718,146203.8,128412.8
39,1489596,151978,138785.4,127919.20000000001
36,1492495,203644,124155.3,128499.0
39,1500683,249601,112824.6,130136.6
35,2017187,104233,311386.19999999995,280156.1
35,1982453,127627,293947.8,269735.9
40,1981176,150965,286563.3,269352.8
36,2019546,196501,284413.5,280863.8
39,2007286,251397,264266.69999999995,277185.8
39,182166,100000,0.0,0.0
40,194931,122453,0.0,0.0
40,211814,145401,0.0,0.0
36,200739,202312,0.0,0.0
40,177733,253677,0.0,0.0
41,412029,100000,0.0,3101.4500000000003
38,401942,124409,0.0,2597.1000000000004
39,389259,147911,0.0,1962.95
41,419316,201439,0.0,3465.8
42,382718,245220,0.0,1635.9
42,594211,100000,0.0,12210.550000000001
41,619081,122122,0.0,13454.050000000001
41,615395,145424,0.0,13269.75
37,607194,197101,0.0,12859.7
42,594477,249857,0.0,12223.85
37,788242,100000,9412.1,23824.2
42,790070,128587,8074.150000000001,24007.0
39,808689,145284,8170.25,25868.9
42,799849,200649,4960.0,24984.9
42,782954,251219,1586.75,23295.4
41,988335,103511,39464.8,43833.5
40,1002007,121004,38700.600000000006,45200.7
39,1020475,151653,36264.4,47047.5
38,1000129,195766,23372.6,45012.9
37,1008602,253133,13593.8,45860.2
38,1498963,100000,157188.9,129792.6
41,1510780,127282,152549.4,132156.0
39,1488840,154682,137747.4,127768.0
41,1493698,195176,127056.6,128739.6
36,1488968,247878,110718.0,127793.6
36,2016616,100000,312484.8,279984.8
38,2007261,126016,301873.5,277178.3
37,1981489,146729,287928.0,269446.7
40,1997481,203916,275569.5,274244.3
42,2005668,247463,264961.5,276700.4
38,182121,100000,0.0,0.0
43,221397,122693,0.0,0.0
38,202010,150710,0.0,0.0
41,218605,197039,0.0,0.0
43,220701,250545,0.0,0.0
43,422836,100000,0.0,3641.8
40,388155,122007,0.0,1907.75
43,384546,147201,0.0,1727.3000000000002
42,377503,196685,0.0,1375.15
42,375327,248723,0.0,1266.3500000000001
38,576567,100000,0.0,11328.35
39,593631,128193,0.0,12181.550000000001
38,578822,145213,0.0,11441.1
43,577454,196393,0.0,11372.7
42,606169,248260,0.0,12808.45
41,818738,100000,10936.900000000001,26873.8
42,823209,125246,9898.150000000001,27320.9
37,803261,149726,7676.75,25326.1
37,799129,197801,5066.400000000001,24912.9
39,818808,253204,3280.2000000000003,26880.8
39,1015463,100000,45592.6,46546.3
39,990032,125167,35473.0,44003.2
37,1014749,148611,35727.600000000006,46474.9
41,984897,203533,18772.8,43489.7
39,996706,252747,12197.95,44670.600000000006
41,1500453,100000,157635.9,130090.6
43,1497760,125621,149141.7,129552.0
39,1493126,145609,141755.1,128625.20000000001
39,1491851,201871,124494.0,128370.20000000001
41,1491638,251179,110591.8,128327.6
40,1981882,102021,301458.3,269564.6
39,2005273,121783,302547.0,276581.9
42,1987931,148231,289410.0,271379.3
43,2006239,201515,278917.19999999995,276871.69999999995
41,2008475,253127,264104.4,277542.5
42,223322,100000,0.0,0.0
44,207731,124837,0.0,0.0
44,180743,145175,0.0,0.0
41,202155,197170,0.0,0.0
40,204608,246901,0.0,0.0
39,399617,100000,0.0,2480.8500000000004
40,391304,125011,0.0,2065.2000000000003
41,422311,150039,0.0,3615.55
40,379526,199864,0.0,1476.3000000000002
39,397274,251834,0.0,2363.7000000000003
38,576103,103049,0.0,11305.150000000001
40,614362,129101,0.0,13218.1
40,577290,149624,0.0,11364.5
39,595303,201665,0.0,12265.150000000001
44,604063,254367,0.0,12703.150000000001
40,790950,100000,9547.5,24095.0
38,804107,129698,8720.45,25410.7
38,792494,149757,7136.85,24249.4
42,794956,204710,4512.3,24495.6
44,814484,245137,3467.3500000000004,26448.4
41,992957,101802,40731.0,44295.7
41,1017446,129970,39995.2,46744.600000000006
40,1008627,147106,34804.2,45862.7
43,992263,204672,20018.2,44226.3
39,1017212,254792,14984.0,46721.2
42,1498933,100000,157179.9,129786.6
43,1482898,124039,145157.7,126579.6
40,1508112,150403,144812.7,131622.4
40,1514053,203518,130660.5,132810.6
42,1498110,245191,113375.7,129622.0
43,1993295,100000,305488.5,272988.5
39,1993175,128524,296895.3,272952.5
44,2023246,146592,300496.19999999995,281973.8
39,2024491,204844,283394.1,282347.3
41,2014782,252329,266235.9,279434.6
41,180028,104565,0.0,0.0
44,223474,128054,0.0,0.0
42,220434,152465,0.0,0.0
42,201189,196219,0.0,0.0
42,191151,250026,0.0,0.0
44,392698,100000,0.0,2134.9
39,416465,121619,0.0,3323.25
45,397782,154053,0.0,2389.1
43,383066,201018,0.0,1653.3000000000002
45,401157,253703,0.0,2557.8500000000004
41,614140,100000,707.0,13207.0
40,577993,127759,0.0,11399.650000000001
43,612644,145806,0.0,13132.2
41,591493,204790,0.0,12074.650000000001
44,615910,253080,0.0,13295.5
43,779210,100000,8960.5,22921.0
43,776818,129558,7363.0,22681.8
40,777955,148823,6456.6,22795.5
44,805293,201893,5170.0,25529.3
40,779944,250586,1467.9,22994.4
41,1018786,100000,46257.200000000004,46878.600000000006
43,1007343,121854,39597.8,45734.3
45,1008771,148590,34536.2,45877.100000000006
45,1015060,200977,25316.6,46506.0
42,979965,254891,11253.7,42996.5
40,1511718,104986,159519.6,132343.6
44,1485857,124879,145793.4,127171.4
41,1481417,153987,135729.0,126283.4
41,1482853,195067,123835.8,126570.6
42,1524984,252466,119255.4,134996.8
43,2008723,100000,310116.9,277616.9
40,1991659,123006,298095.9,272497.69999999995
42,2024850,149671,300053.69999999995,282455.0
41,2011950,197340,281883.0,278585.0
39,2007275,245582,266007.9,277182.5
42,183247,100000,0.0,0.0
40,179042,122388,0.0,0.0
40,224390,153353,0.0,0.0
41,177182,196804,0.0,0.0
45,201788,245189,0.0,0.0
44,413989,100000,0.0,3199.4500000000003
40,402119,128081,0.0,2605.9500000000003
45,389280,153109,0.0,1964.0
40,409492,202455,0.0,2974.6000000000004
41,389598,253249,0.0,1979.9
42,581825,100368,0.0,11591.25
44,580770,127246,0.0,11538.5
44,617204,152408,0.0,13360.2
42,585250,204021,0.0,11762.5
40,619141,254252,0.0,13457.050000000001
43,782678,100000,9133.9,23267.8
45,789678,120277,8470.050000000001,23967.8
44,807906,145212,8134.700000000001,25790.6
43,796182,203444,4636.900000000001,24618.2
45,783013,254397,1430.8000000000002,23301.3
45,975174,100000,37534.8,42517.4
42,998139,128251,36477.600000000006,44813.9
40,1014816,153561,34751.0,46481.600000000006
40,1003445,197942,23600.6,45344.5
46,1023794,248977,17463.4,47379.4
45,1482637,100000,152291.1,126527.4
46,1524084,126281,156840.9,134816.8
41,1475906,153161,134323.5,125181.20000000001
41,1481248,198778,122241.0,126249.6
42,1499538,248705,112749.9,129907.6
43,2019538,100000,313361.4,280861.4
44,1995737,120907,299949.0,273721.1
41,1993546,154771,289132.5,273063.8
44,1993222,204486,274120.8,272966.6
43,2024856,247781,270622.5,282456.8
42,221711,102223,0.0,0.0
43,175887,125019,0.0,0.0
41,186611,147218,0.0,0.0
44,206391,195913,0.0,0.0
44,202196,248696,0.0,0.0
45,412077,100000,0.0,3103.8500000000004
41,406152,129171,0.0,2807.6000000000004
45,386397,146223,0.0,1819.8500000000001
42,382440,197114,0.0,1622.0
45,388794,253721,0.0,1939.7
42,616962,100000,848.1,13348.1
44,586684,127168,0.0,11834.2
41,584163,153792,0.0,11708.150000000001
43,583651,195954,0.0,11682.550000000001
41,612055,248876,0.0,13102.75
43,786010,103408,9130.1,23601.0
41,777265,125692,7578.650000000001,22726.5
43,821746,149450,8614.800000000001,27174.6
42,781447,198975,4123.6,23144.7
47,793965,253294,2033.5500000000002,24396.5
45,986932,100921,39702.2,43693.2
44,1023746,127011,41847.0,47374.600000000006
44,984656,145110,30409.2,43465.600000000006
44,1004802,199709,23518.6,45480.2
44,986659,254742,11595.85,43665.9
47,1518214,103274,161982.0,133642.8
43,1519776,125541,155770.5,133955.2
47,1524339,154138,148560.3,134867.8
47,1520356,199164,133857.6,134071.2
47,1482665,250436,108945.8,126533.0
47,1983075,104448,301088.1,269922.5
41,1979592,122192,294720.0,268877.6
45,1993594,151689,290071.5,273078.19999999995
41,1987191,197502,274406.69999999995,271157.3
46,2004920,245111,265442.69999999995,276476.0
45,215423,101094,0.0,0.0
44,197304,121720,0.0,0.0
42,183530,145004,0.0,0.0
48,204887,196380,0.0,0.0
44,197095,252105,0.0,0.0
46,410615,101611,0.0,3030.75
46,400273,128047,0.0,2513.65
44,397291,145152,0.0,2364.55
48,406144,196003,0.0,2807.2000000000003
44,422515,251409,0.0,3625.75
47,592158,100000,0.0,12107.900000000001
42,624081,128006,0.0,13704.050000000001
48,584953,152875,0.0,11747.650000000001
43,577121,202359,0.0,11356.050000000001
47,623522,249860,0.0,13676.1
42,782167,101746,9021.050000000001,23216.7
48,798818,126920,8594.9,24881.8
42,778989,148422,6528.35,22898.9
45,816981,200530,5822.55,26698.1
48,815564,252176,3169.4,26556.4
44,1017355,100000,45971.0,46735.5
44,985212,127258,34090.8,43521.2
43,1001822,146166,33631.2,45182.2
45,1013514,196487,25905.4,46351.4
48,1015386,252781,15021.0,46538.600000000006
48,1478747,104541,149761.8,125749.4
42,1492760,129055,146611.5,128552.0
42,1524142,145345,151139.1,134828.4
45,1485806,200643,123048.9,127161.20000000001
46,1518590,254977,116583.9,133718.0
45,1993530,104263,304280.1,273059.0
45,1995354,121574,299634.0,273606.19999999995
44,2020456,148905,298965.3,281136.8
45,2019903,204669,282070.19999999995,280970.9
45,1986140,248487,258795.9,270842.0
46,211098,101183,0.0,0.0
44,196596,123400,0.0,0.0
45,193158,154658,0.0,0.0
49,213716,202503,0.0,0.0
49,182768,247310,0.0,0.0
48,400402,102759,0.0,2520.1000000000004
48,412984,120677,0.0,3149.2000000000003
49,397375,151085,0.0,2368.75
48,402256,195358,0.0,2612.8
46,423115,250359,0.0,3655.75
48,590191,100000,0.0,12009.550000000001
48,615271,121185,0.0,13263.550000000001
43,583139,153186,0.0,11656.95
46,600456,202582,0.0,12522.800000000001
46,606795,249002,0.0,12839.75
48,801941,100455,10074.300000000001,25194.1
45,812241,125916,9316.25,26224.1
46,803707,147939,7788.400000000001,25370.7
46,799865,195603,5213.1,24986.5
45,804055,249394,2733.05,25405.5
44,991018,100000,40703.600000000006,44101.8
45,991548,123758,36058.0,44154.8
47,984567,146424,30128.600000000002,43456.7
46,1016227,202346,25276.2,46622.7
44,983529,246875,11832.7,43352.9
43,1478420,100000,151026.0,125684.0
46,1480044,120695,145304.7,126008.8
46,1475437,154959,133643.4,125087.4
49,1485957,202243,122614.2,127191.4
48,1520155,253645,117453.0,134031.0
44,2003794,100000,308638.19999999995,276138.19999999995
44,1985275,122292,296394.9,270582.5
47,1979351,146339,287403.6,268805.3
48,2018394,204506,281666.4,280518.19999999995
45,1995774,254359,259924.5,273732.19999999995
45,221638,104912,0.0,0.0
44,202189,125170,0.0,0.0
50,177374,145257,0.0,0.0
50,206035,200503,0.0,0.0
44,200603,252172,0.0,0.0
45,415344,100000,0.0,3267.2000000000003
44,378394,120181,0.0,1419.7
50,411328,151940,0.0,3066.4
47,379638,198981,0.0,1481.9
44,422464,252172,0.0,3623.2000000000003
49,588680,101325,0.0,11934.0
49,596139,125883,0.0,12306.95
50,599468,152946,0.0,12473.400000000001
49,618029,202772,0.0,13401.45
46,607088,253731,0.0,12854.400000000001
45,780812,100350,9023.1,23081.2
44,778769,126992,7588.85,22876.9
49,807560,154657,7645.150000000001,25756.0
49,779524,204985,3726.9500000000003,22952.4
50,789766,246528,2161.9,23976.6
45,1016952,104645,44961.4,46695.2
45,1002589,128507,37316.4,45258.9
44,975700,151611,27317.800000000003,42570.0
49,1007977,197407,24614.0,45797.7
48,989761,250211,11977.5,43976.100000000006
50,1500112,100899,157263.9,130022.4
48,1478484,125767,143315.1,125696.8
48,1510282,151082,145260.0,132056.4
48,1483429,196557,123561.6,126685.8
48,1514590,245620,118191.0,132918.0
48,2018501,101720,312534.3,280550.3
45,2009160,121484,303802.8,277748.0
45,1980789,153287,285750.6,269236.7
50,1985963,197735,273968.4,270788.9
48,2018145,250515,267789.0,280443.5
45,204423,100000,0.0,0.0
51,180444,129916,0.0,0.0
46,186496,153544,0.0,0.0
48,222782,202344,0.0,0.0
50,214097,246617,0.0,0.0
45,397742,100000,0.0,2387.1
46,383163,129829,0.0,1658.15
45,386453,152702,0.0,1822.65
50,414096,204485,0.0,3204.8
49,383748,252385,0.0,1687.4
48,604959,100124,241.75,12747.95
45,597123,127480,0.0,12356.150000000001
47,581829,152579,0.0,11591.45
48,575407,199423,0.0,11270.35
49,595101,253151,0.0,12255.050000000001
46,790136,103726,9320.5,24013.6
48,809812,125710,9205.1,25981.2
48,810025,152290,7886.75,26002.5
45,819115,204069,5752.3,26911.5
46,816933,248132,3440.05,26693.3
46,993454,100000,41190.8,44345.4
49,1013236,122453,40656.600000000006,46323.600000000006
51,1002922,149349,33214.600000000006,45292.2
47,982353,196832,19604.2,43235.3
48,1012838,248427,15382.2,46283.8
47,1485350,104263,151826.1,127070.0
50,1496659,121252,150122.1,129331.8
48,1511818,154068,144825.0,132363.6
48,1503692,201767,128077.5,130738.4
50,1507621,247165,115636.8,131524.2
50,1980605,102483,300936.6,269181.5
50,2014317,128568,303224.69999999995,279295.1
45,2019499,153836,297198.9,280849.69999999995
45,1992313,195818,276448.5,272693.9
45,2013696,253666,265509.0,279108.8
51,178154,104090,0.0,0.0
50,193729,128713,0.0,0.0
51,188702,152849,0.0,0.0
49,207801,196675,0.0,0.0
47,185366,254736,0.0,0.0
52,398709,104606,0.0,2435.4500000000003
48,407659,129117,0.0,2882.9500000000003
51,420597,152873,0.0,3529.8500000000004
50,400764,198779,0.0,2538.2000000000003
49,382080,247217,0.0,1604.0
51,606703,103634,153.45000000000002,12835.150000000001
51,599671,122138,0.0,12483.550000000001
52,606416,149425,0.0,12820.800000000001
46,605220,203425,0.0,12761.0
52,595209,251992,0.0,12260.45
51,819006,102278,10836.400000000001,26900.6
46,812028,123267,9438.050000000001,26202.8
49,797505,145268,7611.85,24750.5
51,803644,197490,5307.700000000001,25364.4
47,810486,250285,3010.05,26048.6
49,988227,102712,39603.0,43822.7
52,975641,129680,31692.2,42564.100000000006
48,984563,154247,28563.2,43456.3
49,1005513,204459,22710.800000000003,45551.3
48,983454,252171,11564.150000000001,43345.4
49,1482153,100000,152145.9,126430.6
52,1515223,128718,153451.5,133044.6
48,1480216,149841,136612.5,126043.20000000001
50,1486528,204826,122010.6,127305.6
47,1524518,248445,120321.9,134903.6
49,2006602,103262,308502.0,276980.6
47,1992362,123059,298290.9,272708.6
47,1993006,150179,290348.1,272901.8
46,2011848,202938,280173.0,278554.4
47,1982592,246527,258319.5,269777.6
50,175289,104330,0.0,0.0
49,211218,128510,0.0,0.0
49,202604,145640,0.0,0.0
49,179720,204854,0.0,0.0
48,213865,250503,0.0,0.0
50,413641,101228,0.0,3182.05
47,397856,122448,0.0,2392.8
49,419815,153401,0.0,3490.75
51,416201,197954,0.0,3310.05
51,388816,254341,0.0,1940.8000000000002
51,587017,100000,0.0,11850.85
47,585868,126581,0.0,11793.400000000001
51,585766,151053,0.0,11788.300000000001
49,576274,198179,0.0,11313.7
50,615898,248836,0.0,13294.900000000001
48,777916,100000,8895.800000000001,22791.6
49,819410,126095,9665.75,26941.0
52,812339,154873,7873.3,26233.9
48,797897,196417,5074.0,24789.7
50,785193,250043,1757.5,23519.3
48,1000283,100590,42438.600000000006,45028.3
50,987319,124922,34979.4,43731.9
53,1015957,151597,35372.0,46595.7
47,1008928,199600,24365.6,45892.8
47,1013475,245458,16103.4,46347.5
49,1524102,100000,164730.6,134820.4
53,1524348,125182,157249.8,134869.6
53,1512918,153699,145265.7,132583.6
48,1477719,204770,119384.7,125543.8
49,1482792,251852,108688.0,126558.4
49,2018553,103624,311978.69999999995,280565.9
49,2015816,128643,303651.9,279744.8
53,2018048,148053,298498.5,280414.4
52,2000641,203831,276543.0,275192.3
51,1994801,253340,259938.3,273440.3
54,206985,104997,0.0,0.0
51,179827,123808,0.0,0.0
49,217526,151962,0.0,0.0
53,213284,200459,0.0,0.0
50,176639,254174,0.0,0.0
52,417545,100000,0.0,3377.25
50,390771,120246,0.0,2038.5500000000002
53,414723,145910,0.0,3236.15
53,420507,201683,0.0,3525.3500000000004
48,382334,252222,0.0,1616.7
50,618286,100000,914.3000000000001,13414.300000000001
53,623118,120252,143.3,13655.900000000001
51,594937,150744,0.0,12246.85
53,616993,201071,0.0,13349.650000000001
50,622963,251916,0.0,13648.150000000001
51,794691,100000,9734.550000000001,24469.1
54,791628,123166,8423.1,24162.8
54,807034,149678,7867.8,25703.4
52,785336,202624,4135.6,23533.6
49,793129,251029,2105.0,24312.9
51,999237,101035,42140.4,44923.7
52,1004599,123458,38728.2,45459.9
48,976540,148333,28141.4,42654.0
49,1020678,199993,26637.0,47067.8
49,995764,250062,12285.1,44576.4
52,1511515,100000,160954.5,132303.0
48,1520062,121442,157086.0,134012.4
54,1514061,151585,146242.8,132812.2
48,1505315,196221,130228.2,131063.0
51,1521360,249697,118998.9,134272.0
48,1978955,100885,300921.0,268686.5
53,1997820,120805,300604.5,274346.0
54,2002084,145313,294531.3,275625.19999999995
48,2009301,196127,281452.19999999995,277790.3
49,1988394,248384,259503.0,271518.19999999995
55,200967,104979,0.0,0.0
52,214148,124343,0.0,0.0
50,212739,147125,0.0,0.0
49,190042,204457,0.0,0.0
53,189174,254474,0.0,0.0
54,398378,100000,0.0,2418.9
52,401224,128505,0.0,2561.2000000000003
50,389058,147001,0.0,1952.9
53,401965,196002,0.0,2598.25
53,412423,248262,0.0,3121.15
52,589417,100952,0.0,11970.85
52,600892,128009,0.0,12544.6
53,622512,145146,0.0,13625.6
51,595439,197781,0.0,12271.95
53,581809,252104,0.0,11590.45
54,780397,103779,8830.9,23039.7
55,801645,120311,9066.7,25164.5
54,809167,146521,8132.3,25916.7
52,812204,198249,5697.75,26220.4
49,781973,246220,1787.65,23197.3
52,978083,102799,37556.8,42808.3
52,1022906,127923,41496.600000000006,47290.600000000006
51,1000005,153487,31803.600000000002,45000.5
52,1011077,198656,24984.2,46107.7
55,983132,245665,11873.35,43313.2
52,1485643,102997,152293.8,127128.6
51,1489194,126330,146359.2,127838.8
49,1510494,147236,146477.4,132098.8
50,1495301,203443,125057.4,129060.20000000001
51,1517797,249863,117880.2,133559.4
52,2015474,103868,310981.8,279642.19999999995
49,1999452,125077,299812.5,274835.6
51,2004716,153548,292850.4,276414.8
49,1979543,195667,272662.8,268862.9
52,1985571,249895,258202.8,270671.3
53,223293,100000,0.0,0.0
52,205284,128356,0.0,0.0
53,187519,151250,0.0,0.0
56,199193,199858,0.0,0.0
56,219131,253201,0.0,0.0
56,395454,101208,0.0,2272.7000000000003
53,397228,122794,0.0,2361.4
52,409124,150822,0.0,2956.2000000000003
54,412072,202155,0.0,3103.6000000000004
52,378987,253346,0.0,1449.3500000000001
54,604781,103605,58.800000000000004,12739.050000000001
53,582226,128934,0.0,11611.300000000001
53,590803,149323,0.0,12040.150000000001
52,623479,197660,0.0,13673.95
55,607239,248712,0.0,12861.95
51,780325,100000,9016.25,23032.5
55,823211,125613,9879.900000000001,27321.1
54,786490,146230,7013.0,23649.0
55,799252,199716,4976.8,24925.2
53,775018,251222,1189.8,22501.8
53,997111,100000,41922.2,44711.100000000006
56,1019902,125913,41297.8,46990.2
50,1003263,149023,33348.0,45326.3
54,1002346,200767,22815.800000000003,45234.600000000006
50,997329,251879,12272.5,44732.9
54,1510448,102582,159859.8,132089.6
55,1511166,125156,153303.0,132233.2
55,1523189,146327,150558.6,134637.8
52,1490412,197904,125252.4,128082.4
54,1505221,254865,112606.8,131044.20000000001
55,1976876,100000,300562.8,268062.8
50,1995218,126051,298250.1,273565.4
55,1986397,145917,289644.0,270919.1
51,1980637,201167,271341.0,269191.1
51,2006237,250905,264099.6,276871.1
56,199006,104114,0.0,0.0
55,194529,126852,0.0,0.0
53,196298,145900,0.0,0.0
52,217403,196763,0.0,0.0
55,203036,252920,0.0,0.0
56,377672,100000,0.0,1383.6000000000001
52,401117,125190,0.0,2555.8500000000004
52,384071,154520,0.0,1703.5500000000002
51,409110,197833,0.0,2955.5
54,410679,252196,0.0,3033.9500000000003
53,615896,100000,794.8000000000001,13294.800000000001
54,604132,129188,0.0,12706.6
55,619806,154554,0.0,13490.300000000001
57,576264,200332,0.0,11313.2
55,584567,246533,0.0,11728.35
53,802482,100000,10124.1,25248.2
52,801739,120805,9046.7,25173.9
53,804803,149955,7742.400000000001,25480.3
53,800678,202955,4886.150000000001,25067.8
54,821688,250768,3546.0,27168.8
55,993231,100000,41146.2,44323.100000000006
57,981405,122884,34204.2,43140.5
56,981534,151387,28529.4,43153.4
54,1009192,203986,23541.2,45919.2
54,1015380,249194,15737.2,46538.0
53,1491119,101864,154276.5,128223.8
57,1512099,123667,154029.6,132419.8
51,1485522,151844,137603.4,127104.4
52,1491819,201322,124649.1,128363.8
53,1494828,247711,111923.40000000001,128965.6
57,1995777,103590,305156.1,273733.1
54,2000928,129339,298976.69999999995,275278.4
57,1997180,151403,291233.1,274154.0
54,1988195,200255,273882.0,271458.5
52,2013397,248552,266953.5,279019.1
58,194611,102695,0.0,0.0
56,202841,129287,0.0,0.0
57,177539,147788,0.0,0.0
54,209338,201632,0.0,0.0
57,202276,245387,0.0,0.0
56,405515,100000,0.0,2775.75
56,423774,123503,0.0,3688.7000000000003
53,376991,149061,0.0,1349.5500000000002
55,396687,197987,0.0,2334.35
56,424804,248488,0.0,3740.2000000000003
55,582252,100000,0.0,11612.6
56,624560,121230,166.5,13728.0
53,612847,149189,0.0,13142.35
55,588612,197887,0.0,11930.6
58,575409,246127,0.0,11270.45
53,777476,100000,8873.800000000001,22747.6
53,800027,129213,8540.7,25002.7
56,796227,147015,7460.6,24622.7
52,792839,198114,4736.25,24283.9
55,781767,249229,1626.9,23176.7
58,977052,100000,37910.4,42705.2
55,1007442,128414,38305.600000000006,45744.2
54,982881,150633,28949.600000000002,43288.100000000006
53,992996,201047,20889.800000000003,44299.600000000006
57,999054,251115,12396.95,44905.4
57,1509584,102383,159660.3,131916.8
53,1488836,124456,146814.0,127767.20000000001
54,1477719,147602,136535.1,125543.8
55,1491650,201371,124583.7,128330.0
52,1510330,253948,114414.6,132066.0
52,1978479,104855,299587.19999999995,268543.7
52,2001631,121299,301599.6,275489.3
57,2005454,146393,295218.3,276636.19999999995
52,1987446,203315,272739.3,271233.8
53,2000312,252594,261815.4,275093.6
59,191403,100000,0.0,0.0
59,206725,126162,0.0,0.0
58,214789,153239,0.0,0.0
56,177873,201477,0.0,0.0
58,183004,252902,0.0,0.0
59,378246,102303,0.0,1412.3000000000002
57,387460,122582,0.0,1873.0
55,417767,146201,0.0,3388.3500000000004
54,375384,203577,0.0,1269.2
57,423709,254598,0.0,3685.4500000000003
56,583337,100000,0.0,11666.85
53,577753,126009,0.0,11387.650000000001
59,600732,150956,0.0,12536.6
56,614811,202018,0.0,13240.550000000001
55,586481,250708,0.0,11824.050000000001
54,804342,104158,10009.2,25434.2
57,823841,126539,9865.1,27384.1
54,822044,152907,8456.85,27204.4
58,803665,198559,5255.3,25366.5
53,798131,254340,2189.55,24813.1
54,991162,100041,40724.2,44116.2
57,1005586,122508,39115.600000000006,45558.600000000006
58,991857,154751,29921.2,44185.7
57,1007584,199218,24173.2,45758.4
53,1013963,246118,16069.0,46396.3
54,1523514,103495,163505.7,134702.8
54,1495494,123160,149200.2,129098.8
54,1521883,150113,149031.0,134376.6
53,1494049,201737,125193.6,128809.8
58,1509808,246665,116442.9,131961.6
53,2017898,100000,312869.4,280369.4
56,2021475,125084,306417.3,281442.5
55,1988660,151924,288520.8,271598.0
55,2015622,200587,282010.5,279686.6
59,2020875,249664,268863.3,281262.5
54,198756,100000,0.0,0.0
60,183496,125297,0.0,0.0
60,177265,152397,0.0,0.0
59,188326,198553,0.0,0.0
55,204465,246735,0.0,0.0
55,419216,103011,0.0,3460.8
58,407977,125677,0.0,2898.8500000000004
60,414783,149252,0.0,3239.15
57,375312,202847,0.0,1265.6000000000001
58,393727,246998,0.0,2186.35
60,613747,100000,0.0,13187.35
56,594164,122853,0.0,12208.2
58,579224,149305,0.0,11461.2
59,604537,195439,0.0,12726.85
60,586992,252074,0.0,11849.6
58,790790,100000,9539.5,24079.0
56,776519,126988,7476.55,22651.9
60,815582,153000,5629.1,26558.2
55,813874,197061,5840.650000000001,26387.4
58,801922,252965,2447.85,25192.2
57,998368,100000,42173.600000000006,44836.8
54,1023006,129508,41199.600000000006,47300.600000000006
57,1008134,153139,33499.0,45813.4
55,1022667,196242,27785.0,47266.7
58,1018126,252113,15702.6,46812.600000000006
59,1516447,104468,161093.7,133289.4
54,1486127,125762,145609.5,127225.4
57,1509808,150794,145204.2,131961.6
55,1511008,198924,131125.2,132201.6
56,1509545,245619,116677.8,131909.0
55,1986655,100000,303496.5,270996.5
55,1989088,123218,297261.0,271726.4
58,2017503,150870,297489.9,280250.9
58,2005366,200319,279014.1,276609.8
55,1996537,246523,262504.19999999995,273961.1
59,205872,102926,0.0,0.0
55,216845,123027,0.0,0.0
56,190901,149371,0.0,0.0
56,223797,202955,0.0,0.0
57,183870,248435,0.0,0.0
60,400623,104124,0.0,2531.15
59,386457,129921,0.0,1822.8500000000001
59,386809,148166,0.0,1840.45
61,412761,201045,0.0,3138.05
60,397792,250397,0.0,2389.6
55,620751,104512,811.95,13537.550000000001
57,580902,127757,0.0,11545.1
60,610190,153146,0.0,13009.5
60,617663,204671,0.0,13383.150000000001
61,577472,251562,0.0,11373.6
57,792361,100000,9618.050000000001,24236.1
60,792353,120432,6096.05,24235.3
59,823860,152504,8567.800000000001,27386.0
58,798619,200241,4918.900000000001,24861.9
58,803395,249421,2698.7000000000003,25339.5
59,993518,104920,40219.600000000006,44351.8
57,977923,122226,33639.4,42792.3
57,999183,154185,31499.600000000002,44918.3
57,1012686,200744,24888.4,46268.600000000006
55,1002903,248018,13477.0,45290.3
58,1502184,100000,158155.2,130436.8
59,1485728,127717,144903.3,127145.6
55,1487792,147704,139526.4,127558.4
59,1503063,202993,127521.0,130612.6
58,1524095,251111,119395.2,134819.0
57,2021466,100000,313939.8,281439.8
57,2001857,122632,301267.5,275557.1
61,2013994,145827,282950.1,279198.19999999995
58,2015799,202059,281622.0,279739.69999999995
59,2000386,248469,263075.1,275115.8
59,218291,100000,0.0,0.0
59,221298,120007,0.0,0.0
58,181792,151974,0.0,0.0
60,210675,195902,0.0,0.0
56,194195,254571,0.0,0.0
58,389174,104032,0.0,1958.7
62,396289,125730,0.0,2314.4500000000003
60,392833,154447,0.0,2141.65
62,423983,201879,0.0,3699.15
60,378714,246852,0.0,1435.7
57,585008,100000,0.0,11750.400000000001
59,575092,126600,0.0,11254.6
62,602346,153662,0.0,12617.300000000001
57,607359,200978,0.0,12867.95
60,593047,254240,0.0,12152.35
62,794408,100000,7220.400000000001,24440.8
59,790130,124922,8260.4,24013.0
60,786356,151894,4223.1,23635.6
57,784893,204833,4003.0,23489.3
58,777077,248046,1451.5500000000002,22707.7
61,977830,100000,28066.0,42783.0
62,1021439,129903,30807.2,47143.9
61,983007,148709,19359.6,43300.7
59,1016891,202414,25395.4,46689.100000000006
59,993821,253526,12014.75,44382.100000000006
60,1504326,100000,143797.8,130865.20000000001
61,1491515,129406,131132.7,128303.0
59,1485779,151895,137665.2,127155.8
57,1493475,196983,126447.6,128695.0
56,1503915,246463,114735.6,130783.0
60,2014228,103664,295669.19999999995,279268.4
62,1982635,124268,280010.1,269790.5
61,1975811,148958,270555.9,267743.3
61,2024575,203111,268939.19999999995,282372.5
61,2006665,252106,248867.69999999998,276999.5
57,195051,103568,0.0,0.0
57,185511,120051,0.0,0.0
60,206444,145446,0.0,0.0
62,205930,197250,0.0,0.0
60,216631,245253,0.0,0.0
60,386776,100000,0.0,1838.8000000000002
60,392022,125601,0.0,2101.1
60,404355,146518,0.0,2717.75
58,395144,204198,0.0,2257.2000000000003
58,421433,253912,0.0,3571.65
62,590011,100000,0.0,12000.550000000001
57,619389,128737,0.0,13469.45
63,593185,145810,0.0,12159.25
62,617484,197360,0.0,13374.2
62,575711,248611,0.0,11285.550000000001
58,783546,104378,8958.4,23354.6
62,800308,122064,6412.200000000001,25030.8
63,788239,146007,4611.6,23823.9
63,817794,200208,3379.3,26779.4
59,776589,249514,1353.75,22658.9
58,1008248,101396,43870.4,45824.8
60,981695,126698,23499.4,43169.5
59,976289,150738,27610.2,42628.9
61,1007358,198221,14327.4,45735.8
61,1007823,252409,10270.7,45782.3
57,1484045,103801,151573.2,126809.0
61,1519163,127682,139944.3,133832.6
63,1505390,150991,128819.7,131078.0
62,1477703,203539,107332.8,125540.6
58,1494613,250187,111385.20000000001,128922.6
61,1994878,100000,290963.4,273463.4
62,2014780,127338,288732.6,279434.0
60,2020615,152103,283053.6,281184.5
57,1986398,203633,272329.5,270919.4
63,1999846,249464,247614.6,274953.8
61,180579,100716,0.0,0.0
63,175181,123121,0.0,0.0
61,207532,149496,0.0,0.0
60,213094,195265,0.0,0.0
60,185395,250446,0.0,0.0
63,396424,100000,0.0,2321.2000000000003
59,395557,125469,0.0,2277.85
64,386087,153790,0.0,1804.3500000000001
60,412642,196328,0.0,3132.1000000000004
61,422447,246508,0.0,3622.3500000000004
60,590134,100000,0.0,12006.7
62,619959,128965,0.0,13497.95
62,586316,149004,0.0,11815.800000000001
58,597540,203731,0.0,12377.0
59,619052,249174,0.0,13452.6
63,802769,101123,7582.3,25276.9
62,796437,123102,6166.75,24643.7
59,787445,147777,6983.400000000001,23744.5
63,781304,204806,1324.9,23130.4
59,790131,246037,2204.7000000000003,24013.1
63,1017998,100000,36099.600000000006,46799.8
61,1016139,129804,29767.0,46613.9
63,988911,154051,19472.0,43891.100000000006
63,986274,197441,11941.650000000001,43627.4
62,979914,251713,8910.050000000001,42991.4
61,1496140,100000,141342.0,129228.0
63,1489020,127943,130823.1,127804.0
62,1509586,152747,129551.7,131917.2
59,1520262,204070,132357.6,134052.4
64,1524211,249619,107418.40000000001,134842.2
61,2015270,103031,296171.69999999995,279581.0
60,2016029,124013,290104.8,279808.69999999995
63,1986177,145386,274737.3,270853.1
59,1979768,201326,271032.6,268930.4
63,1997602,253053,245864.69999999998,274280.6
59,219170,100700,0.0,0.0
65,188562,129616,0.0,0.0
65,201599,149534,0.0,0.0
59,202847,197729,0.0,0.0
61,193945,252553,0.0,0.0
65,413255,100000,0.0,3162.75
63,422611,126015,0.0,3630.55
61,424131,145117,0.0,3706.55
63,424719,203152,0.0,3735.9500000000003
65,384189,254985,0.0,1709.45
62,584845,102592,0.0,11742.25
59,604873,127540,0.0,12743.650000000001
60,615297,151233,0.0,13264.85
64,580120,203076,0.0,11506.0
61,602996,251554,0.0,12649.800000000001
64,792544,100000,7127.200000000001,24254.4
62,821936,125954,7299.1,27193.6
59,790481,150931,6977.5,24048.1
59,804310,201831,5123.950000000001,25431.0
62,799764,253403,0.0,24976.4
60,988282,103243,29507.8,43828.2
59,1002198,122576,38424.4,45219.8
65,1005783,145728,24511.0,45578.3
65,993262,203281,11999.050000000001,44326.2
64,1011711,248300,10670.550000000001,46171.100000000006
61,1493018,100000,140405.4,128603.6
61,1520266,123911,141406.5,134053.2
64,1486791,152319,122841.6,127358.20000000001
61,1506477,204522,113086.5,131295.4
59,1487903,249685,110143.6,127580.6
64,1993442,100000,290532.6,273032.6
61,1990050,127935,281134.5,272015.0
61,1979550,152183,270710.1,268865.0
60,1988150,198460,259407.0,271445.0
60,2000756,253385,246711.3,275226.8
64,201554,100000,0.0,0.0
63,182288,124085,0.0,0.0
61,224631,151696,0.0,0.0
65,216909,203400,0.0,0.0
66,181909,247561,0.0,0.0
60,404264,100000,0.0,2713.2000000000003
63,402685,125791,0.0,2634.25
60,410714,145877,0.0,3035.7000000000003
66,402105,203003,0.0,2605.25
63,409208,251111,0.0,2960.4
63,586153,100000,0.0,11807.650000000001
66,595806,124381,0.0,12290.300000000001
63,604148,154348,0.0,12707.400000000001
65,586357,204125,0.0,11817.85
63,587398,248299,0.0,11869.900000000001
64,784944,103319,6581.25,23494.4
64,792453,125553,5845.0,24245.3
64,801383,147946,5171.85,25138.3
61,799409,197489,2596.0,24940.9
66,824778,245490,1464.4,27477.8
61,991753,104036,30043.4,44175.3
65,985051,120782,25353.800000000003,43505.100000000006
65,985067,151688,19175.8,43506.7
61,997968,195322,13029.2,44796.8
66,1015548,249217,10816.550000000001,46554.8
65,1486514,101954,137868.0,127302.8
62,1496366,120947,135125.7,129273.20000000001
60,1514774,146715,132917.7,132954.8
64,1489555,204464,109518.20000000001,127911.0
66,1504653,246068,104217.0,130930.6
60,2019064,101334,297819.0,280719.19999999995
62,1975448,121973,278542.5,267634.4
65,2019712,147984,284018.4,280913.6
61,1994437,201815,260286.6,273331.1
61,1987741,248678,244218.9,271322.3
67,218796,100000,0.0,0.0
67,197019,128945,0.0,0.0
65,223555,151639,0.0,0.0
64,192557,204911,0.0,0.0
62,213531,246207,0.0,0.0
62,412437,100179,0.0,3121.8500000000004
65,405422,129166,0.0,2771.1000000000004
61,389069,146741,0.0,1953.45
66,396274,204685,0.0,2313.7000000000003
65,424999,253312,0.0,3749.9500000000003
64,608056,100000,0.0,12902.800000000001
66,615053,129541,0.0,13252.650000000001
67,595767,153668,0.0,12288.35
65,595134,203277,0.0,12256.7
64,624523,246454,0.0,13726.150000000001
64,791599,100656,7047.150000000001,24159.9
61,782810,122950,5493.0,23281.0
64,794387,154780,4480.35,24438.7
61,805048,202306,2637.1000000000004,25504.8
63,817227,246469,1037.9,26722.7
65,1016230,101797,35386.600000000006,46623.0
65,1005472,125840,28426.4,45547.2
65,1002515,152302,22542.6,45251.5
65,1017577,200722,15871.0,46757.7
62,975438,250255,8759.15,42543.8
66,1498877,100912,141889.5,129775.4
65,1503624,125209,136024.5,130724.8
63,1496300,151994,125791.8,129260.0
61,1485387,200997,109378.0,127077.4
66,1503512,246151,103972.20000000001,130702.4
67,2021951,100000,299085.3,281585.3
61,2023502,122301,292860.3,282050.6
62,2003888,151335,278265.9,276166.4
67,2004640,197910,264519.0,276392.0
62,1997957,248431,247357.8,274387.1
64,188329,100000,0.0,0.0
63,188051,122147,0.0,0.0
63,216959,145459,0.0,0.0
66,199211,198458,0.0,0.0
63,206870,254383,0.0,0.0
62,398023,100000,0.0,2401.15
67,424004,121082,0.0,3700.2000000000003
64,384242,149521,0.0,1712.1000000000001
64,395860,196701,0.0,2293.0
67,422108,254371,0.0,3605.4
66,605394,100000,0.0,12769.7
66,609784,123464,0.0,12989.2
62,590571,148583,0.0,12028.550000000001
62,614351,196833,0.0,13217.550000000001
65,616379,245668,0.0,13318.95
64,776920,104001,6145.950000000001,22692.0
65,797830,128204,5981.3,24783.0
63,787525,153684,4192.05,23752.5
68,776636,200608,1301.4,22663.6
65,791971,246047,0.0,24197.1
65,995691,100000,31638.2,44569.100000000006
67,1019352,122243,31921.8,46935.2
68,983415,149488,19285.4,43341.5
64,1000411,196681,13246.0,45041.100000000006
65,982118,252802,8965.800000000001,43211.8
65,1501038,100000,142811.4,130207.6
64,1520157,129416,139722.3,134031.4
62,1476057,146682,121312.5,125211.4
66,1502656,195716,114582.0,130531.20000000001
66,1514956,254576,104576.0,132991.2
66,1995211,102890,290196.3,273563.3
62,1997448,125795,283995.9,274234.4
67,1990930,148395,275260.5,272279.0
68,2005802,196905,265169.1,276740.6
63,2019089,248686,253620.9,280726.69999999995
65,177988,100000,0.0,0.0
68,187282,122022,0.0,0.0
66,215909,145480,0.0,0.0
64,202757,196734,0.0,0.0
68,195143,246646,0.0,0.0
64,377110,102812,0.0,1355.5
69,407047,128100,0.0,2852.3500000000004
69,399445,147951,0.0,2472.25
67,383154,200673,0.0,1657.7
64,417042,253250,0.0,3352.1000000000004
64,591155,100000,0.0,12057.75
64,581377,129940,0.0,11568.85
66,582090,154312,0.0,11604.5
63,624032,203259,0.0,13701.6
67,578199,254739,0.0,11409.95
65,784441,100961,6674.0,23444.1
63,820638,127854,7139.200000000001,27063.8
67,808341,147619,5536.1,25834.1
69,823361,196478,3844.15,27336.1
69,803492,248713,238.95000000000002,25349.2
65,983020,100000,29104.0,43302.0
67,1002080,128368,27242.4,45208.0
66,996100,147020,22316.0,44610.0
69,978927,200613,11415.7,42892.7
66,1018776,245956,11141.0,46877.600000000006
68,1488643,104086,137867.1,127728.6
69,1486390,125466,130777.2,127278.0
69,1500594,150014,127674.0,130118.8
64,1482487,199260,109145.40000000001,126497.4
66,1499450,252671,101855.8,129890.0
63,2009446,100000,295333.8,277833.8
64,2018208,121734,291442.19999999995,280462.4
69,1976832,145905,271778.1,268049.6
67,2010956,198497,266237.69999999995,278286.8
66,1999737,250418,247295.69999999998,274921.1
64,217027,104098,0.0,0.0
69,190245,126741,0.0,0.0
70,192522,147184,0.0,0.0
64,198050,198476,0.0,0.0
65,212187,253994,0.0,0.0
67,409410,100000,0.0,2970.5
70,423808,125034,0.0,3690.4
67,392998,148835,0.0,2149.9
69,406712,199436,0.0,2835.6000000000004
67,396396,245480,0.0,2319.8
66,606687,100736,0.0,12834.35
68,602356,120950,0.0,12617.800000000001
66,600861,146334,0.0,12543.050000000001
70,619924,203596,0.0,13496.2
67,604804,246595,0.0,12740.2
67,818941,100000,8447.050000000001,26894.1
68,822989,128884,7205.25,27298.9
68,817315,146172,6057.150000000001,26731.5
65,794153,197798,2317.75,24415.3
66,786356,253938,0.0,23635.6
65,980040,104735,27561.0,43004.0
64,977056,123448,23221.6,42705.600000000006
70,990699,145415,21556.800000000003,44069.9
67,975244,203430,11090.7,42524.4
65,1021097,254975,10806.1,47109.7
70,1496426,103729,140309.1,129285.20000000001
67,1522213,129266,140384.1,134442.6
69,1523315,153751,133369.2,134663.0
70,1514364,198342,117306.6,132872.8
64,1510345,253637,103841.6,132069.0
70,1980438,100000,286631.4,269131.4
70,1993891,121848,284112.9,273167.3
64,2002006,151842,277549.19999999995,275601.8
68,2023906,200221,269605.5,282171.8
69,1997847,245471,248212.8,274354.1
66,180384,100000,0.0,0.0
70,221368,127216,0.0,0.0
68,176821,154862,0.0,0.0
69,204172,197971,0.0,0.0
65,176597,245601,0.0,0.0
67,404836,100000,0.0,2741.8
67,423232,125379,0.0,3661.6000000000004
67,383085,154446,0.0,1654.25
69,400943,198888,0.0,2547.15
71,384854,254685,0.0,1742.7
71,591863,100000,0.0,12093.150000000001
65,616861,128472,0.0,13343.050000000001
68,595471,151352,0.0,12273.550000000001
66,599619,200513,0.0,12480.95
67,599096,247827,0.0,12454.800000000001
66,802310,100000,7615.5,25231.0
67,810817,122798,6900.950000000001,26081.7
69,794978,151067,4695.55,24497.8
70,812154,196521,3281.65,26215.4
70,785930,254031,0.0,23593.0
67,1009842,100000,34468.4,45984.2
71,1007534,124181,29170.600000000002,45753.4
67,1007724,152330,23578.800000000003,45772.4
70,1007129,201170,13691.8,45712.9
66,1015994,246605,10969.45,46599.4
71,1502555,102775,142434.0,130511.0
71,1483963,126222,129822.3,126792.6
65,1501167,145673,129148.2,130233.4
71,1495745,204426,110763.8,129149.0
69,1522087,254334,106050.6,134417.4
69,2020902,100000,298770.6,281270.6
67,1997427,126272,283846.5,274228.1
68,1989618,149636,274494.6,271885.4
67,2006030,202211,263645.69999999995,276809.0
67,2006445,245596,250754.69999999998,276933.5
72,192610,104712,0.0,0.0
71,193906,120295,0.0,0.0
68,209150,146299,0.0,0.0
68,205286,201947,0.0,0.0
72,204354,249859,0.0,0.0
72,380795,100000,0.0,1539.75
66,400434,129339,0.0,2521.7000000000003
67,420957,151865,0.0,3547.8500000000004
66,416229,200086,0.0,3311.4500000000003
67,414490,248160,0.0,3224.5
68,616842,101261,0.0,13342.1
70,618138,126381,0.0,13406.900000000001
69,620581,147183,0.0,13529.050000000001
67,608156,198720,0.0,12907.800000000001
66,620234,254502,0.0,13511.7
66,776325,100000,6316.25,22632.5
71,814744,125217,6976.35,26474.4
72,793654,149442,4710.6,24365.4
72,776137,204482,1082.75,22613.7
71,800850,245620,261.5,25085.0
72,1013265,100000,35153.0,46326.5
70,1005091,125331,28452.0,45509.100000000006
72,1013336,150966,24974.0,46333.600000000006
72,997546,204508,12151.900000000001,44754.600000000006
70,1014609,253401,10560.400000000001,46460.9
68,1511426,100382,145813.2,132285.2
71,1506305,121548,137927.1,131261.0
67,1490420,145268,126045.6,128084.0
71,1516123,195887,118570.8,133224.6
72,1477427,253873,97210.8,125485.4
72,2014380,103230,295845.0,279314.0
69,1989881,123550,282399.3,271964.3
70,1984524,148855,273200.69999999995,270357.2
70,2003711,195276,265030.5,276113.3
68,1989662,247720,245082.6,271898.6
72,201671,100000,0.0,0.0
71,184694,126469,0.0,0.0
67,200323,150471,0.0,0.0
69,176216,199482,0.0,0.0
69,191939,245872,0.0,0.0
68,379505,100000,0.0,1475.25
67,381239,123258,0.0,1561.95
68,408093,151357,0.0,2904.65
69,391101,202698,0.0,2055.05
67,405746,250565,0.0,2787.3
69,612005,100000,0.0,13100.25
70,601532,125684,0.0,12576.6
69,601863,147073,0.0,12593.150000000001
68,593957,202119,0.0,12197.85
68,579200,254894,0.0,11460.0
72,788399,100000,6919.950000000001,23839.9
70,789370,122098,5863.6,23937.0
67,798209,153183,4751.3,24820.9
71,796684,204852,2091.6,24668.4
71,790689,251119,0.0,24068.9
67,1009028,100000,34305.600000000006,45902.8
67,986494,128261,24146.6,43649.4
73,1007083,147361,24444.4,45708.3
67,1018258,201895,15772.6,46825.8
73,1012337,253562,10438.75,46233.7
70,1484439,100946,137547.9,126887.8
67,1487567,126217,130905.0,127513.4
72,1518479,151031,132734.4,133695.8
67,1493288,198650,111427.6,128657.6
73,1499458,251386,102114.40000000001,129891.6
67,1981884,100000,287065.19999999995,269565.2
67,2018998,122684,291394.19999999995,280699.4
73,1989284,148421,274758.9,271785.19999999995
70,2015603,200449,267046.19999999995,279680.9
68,2000850,252838,246903.6,275255.0
