name,age,income,total_deductions,old_bracket,new_bracket
case_1,25,218261,50000,0%,0%
case_2,27,184892,76331,0%,0%
case_3,26,196086,97728,0%,0%
case_4,26,188475,148341,0%,0%
case_5,22,215051,197333,0%,0%
case_6,23,416204,50000,0%,5%
case_7,22,416120,70099,0%,5%
case_8,23,385366,99784,0%,5%
case_9,24,408896,146555,0%,5%
case_10,27,385956,203046,0%,5%
case_11,27,588117,53089,5%,5%
case_12,28,603159,78630,5%,5%
case_13,23,577958,97776,0%,5%
case_14,26,583673,150084,0%,5%
case_15,24,580422,204841,0%,5%
case_16,24,819098,50096,20%,10%
case_17,24,821083,79462,5%,10%
case_18,24,812161,101224,5%,10%
case_19,24,799440,148649,5%,10%
case_20,25,818202,195847,5%,10%
case_21,28,987575,51818,20%,10%
case_22,26,991087,70562,20%,10%
case_23,28,1009481,102642,20%,10%
case_24,22,994317,146802,20%,10%
case_25,22,1010194,199846,20%,10%
case_26,26,1516791,50174,30%,20%
case_27,25,1499977,77814,30%,20%
case_28,25,1510306,104443,30%,20%
case_29,22,1481566,150778,30%,20%
case_30,26,1507101,195320,30%,20%
case_31,23,1995837,50000,30%,30%
case_32,27,1984379,74875,30%,30%
case_33,28,2022558,101235,30%,30%
case_34,24,1992265,147354,30%,30%
case_35,28,2000824,202033,30%,30%
case_36,25,213539,51970,0%,0%
case_37,28,198509,76815,0%,0%
case_38,28,184553,96699,0%,0%
case_39,23,187703,148730,0%,0%
case_40,28,194221,196680,0%,0%
case_41,25,380451,54031,0%,5%
case_42,25,408158,77904,0%,5%
case_43,23,392963,97190,0%,5%
case_44,28,393513,153630,0%,5%
case_45,23,392774,196971,0%,5%
case_46,26,599164,50000,5%,5%
case_47,28,599435,75121,5%,5%
case_48,24,621671,103904,5%,5%
case_49,26,591794,148640,0%,5%
case_50,29,576479,201658,0%,5%
case_51,25,809748,54986,20%,10%
case_52,24,821287,78110,5%,10%
case_53,28,816666,102997,5%,10%
case_54,27,799738,150919,5%,10%
case_55,27,782731,200173,5%,10%
case_56,25,989795,50000,20%,10%
case_57,29,1000138,78155,20%,10%
case_58,29,979992,95839,20%,10%
case_59,23,1017954,149400,20%,10%
case_60,24,985701,202875,20%,10%
case_61,26,1523336,50000,30%,20%
case_62,29,1500848,72235,30%,20%
case_63,29,1516349,97290,30%,20%
case_64,27,1519063,149749,30%,20%
case_65,29,1510135,200008,30%,20%
case_66,28,2023119,50000,30%,30%
case_67,25,2011001,70319,30%,30%
case_68,29,1995695,98749,30%,30%
case_69,24,2021306,145649,30%,30%
case_70,29,2015952,200639,30%,30%
case_71,24,183125,50000,0%,0%
case_72,29,187770,75566,0%,0%
case_73,30,191254,103226,0%,0%
case_74,30,176566,147690,0%,0%
case_75,27,199155,198901,0%,0%
case_76,25,415994,50000,0%,5%
case_77,26,394177,74005,0%,5%
case_78,28,386648,96825,0%,5%
case_79,28,412764,150066,0%,5%
case_80,24,393124,197685,0%,5%
case_81,29,584794,50000,5%,5%
case_82,26,603497,70842,5%,5%
case_83,28,603177,104500,0%,5%
case_84,25,583556,146841,0%,5%
case_85,30,578529,197609,0%,5%
case_86,26,790296,52506,5%,10%
case_87,25,799720,77135,5%,10%
case_88,28,776549,95428,5%,10%
case_89,24,822250,153485,5%,10%
case_90,30,813530,201427,5%,10%
case_91,29,1016262,50000,20%,10%
case_92,26,1003300,72182,20%,10%
case_93,25,1009211,99777,20%,10%
case_94,29,1007599,145070,20%,10%
case_95,30,995704,202340,20%,10%
case_96,25,1480400,50561,30%,20%
case_97,26,1500465,79665,30%,20%
case_98,28,1479726,104703,30%,20%
case_99,26,1524639,150534,30%,20%
case_100,28,1483002,195946,30%,20%
case_101,29,2024840,53629,30%,30%
case_102,24,2013847,73635,30%,30%
case_103,24,2017914,95847,30%,30%
case_104,28,2012044,154386,30%,30%
case_105,25,2016070,198059,30%,30%
case_106,29,216070,54238,0%,0%
case_107,28,192664,71623,0%,0%
case_108,30,223442,97993,0%,0%
case_109,30,196271,148647,0%,0%
case_110,28,181703,197417,0%,0%
case_111,26,394566,50000,0%,5%
case_112,28,401629,73732,0%,5%
case_113,28,379287,97994,0%,5%
case_114,31,412083,154273,0%,5%
case_115,29,384341,196461,0%,5%
case_116,26,586145,54009,5%,5%
case_117,26,577709,77343,5%,5%
case_118,26,578841,99451,0%,5%
case_119,31,588988,151444,0%,5%
case_120,27,618426,204380,0%,5%
case_121,31,784331,50000,5%,10%
case_122,30,818322,79786,5%,10%
case_123,28,807178,104505,5%,10%
case_124,28,794320,151509,5%,10%
case_125,25,782287,198381,5%,10%
case_126,29,993794,54623,20%,10%
case_127,30,1018207,70964,20%,10%
case_128,27,988571,96583,20%,10%
case_129,26,982667,150248,20%,10%
case_130,26,1022496,203300,20%,10%
case_131,27,1514235,50000,30%,20%
case_132,29,1523721,74203,30%,20%
case_133,31,1509237,102691,30%,20%
case_134,29,1486954,149632,30%,20%
case_135,27,1481911,204760,30%,20%
case_136,31,2020195,53184,30%,30%
case_137,26,1991368,78664,30%,30%
case_138,31,2007668,101533,30%,30%
case_139,26,2016772,145719,30%,30%
case_140,30,1980319,195647,30%,30%
case_141,27,207476,51142,0%,0%
case_142,32,210699,73320,0%,0%
case_143,32,206131,98024,0%,0%
case_144,31,219926,153904,0%,0%
case_145,29,200780,196057,0%,0%
case_146,31,395820,54154,0%,5%
case_147,32,409597,74560,0%,5%
case_148,29,386624,97849,0%,5%
case_149,31,410301,149167,0%,5%
case_150,30,418109,200949,0%,5%
case_151,27,584732,50911,5%,5%
case_152,28,577905,71477,5%,5%
case_153,27,587304,97025,0%,5%
case_154,30,621625,148347,0%,5%
case_155,27,594817,200573,0%,5%
case_156,30,817809,53101,20%,10%
case_157,31,807682,70006,5%,10%
case_158,32,817925,104676,5%,10%
case_159,28,803349,152324,5%,10%
case_160,32,810437,204984,5%,10%
case_161,32,981642,50000,20%,10%
case_162,28,998236,77699,20%,10%
case_163,31,988205,98253,20%,10%
case_164,32,1004208,154924,20%,10%
case_165,28,1012873,201901,20%,10%
case_166,26,1517053,51902,30%,20%
case_167,32,1510237,78952,30%,20%
case_168,31,1519848,96238,30%,20%
case_169,32,1483241,149041,30%,20%
case_170,31,1521086,196293,30%,20%
case_171,28,2015851,50000,30%,30%
case_172,28,1993147,79050,30%,30%
case_173,32,2000970,104370,30%,30%
case_174,30,2020613,147365,30%,30%
case_175,32,1977433,195535,30%,30%
case_176,29,210601,50000,0%,0%
case_177,30,202111,76185,0%,0%
case_178,27,191519,95204,0%,0%
case_179,29,189162,151769,0%,0%
case_180,28,214662,201354,0%,0%
case_181,28,387308,53215,0%,5%
case_182,27,381175,77632,0%,5%
case_183,27,391217,95325,0%,5%
case_184,31,390808,148223,0%,5%
case_185,31,378760,196562,0%,5%
case_186,32,605537,50000,5%,5%
case_187,30,575441,77295,0%,5%
case_188,28,612032,95544,5%,5%
case_189,32,619625,145718,0%,5%
case_190,27,610028,196624,0%,5%
case_191,31,819561,50000,20%,10%
case_192,27,784070,78594,5%,10%
case_193,28,784780,100931,5%,10%
case_194,29,821093,145379,5%,10%
case_195,27,814673,202958,5%,10%
case_196,30,1000991,53158,20%,10%
case_197,27,1019812,73529,20%,10%
case_198,33,999605,102087,20%,10%
case_199,33,1014347,145299,20%,10%
case_200,31,1008774,199513,20%,10%
case_201,30,1523879,50424,30%,20%
case_202,32,1494831,71712,30%,20%
case_203,28,1507199,97113,30%,20%
case_204,29,1502556,145303,30%,20%
case_205,27,1503585,197800,30%,20%
case_206,30,2023676,50361,30%,30%
case_207,27,1982658,70692,30%,30%
case_208,29,1986227,102940,30%,30%
case_209,29,2000679,153104,30%,30%
case_210,28,1995487,197384,30%,30%
case_211,32,191227,50000,0%,0%
case_212,29,199151,71721,0%,0%
case_213,28,178308,95417,0%,0%
case_214,29,207292,150894,0%,0%
case_215,30,219607,200095,0%,0%
case_216,32,407495,52294,0%,5%
case_217,33,411684,71521,0%,5%
case_218,32,408350,100923,0%,5%
case_219,29,391463,148051,0%,5%
case_220,31,423815,203959,0%,5%
case_221,28,605322,54630,5%,5%
case_222,30,609969,71114,5%,5%
case_223,34,589785,98272,0%,5%
case_224,30,606762,153759,0%,5%
case_225,30,584115,195621,0%,5%
case_226,28,781953,52230,5%,10%
case_227,31,806935,73218,5%,10%
case_228,33,823902,103799,5%,10%
case_229,31,780259,151224,5%,10%
case_230,31,801148,195809,5%,10%
case_231,33,1013355,50000,20%,10%
case_232,34,992650,74523,20%,10%
case_233,29,1007283,99560,20%,10%
case_234,34,984306,153139,20%,10%
case_235,31,976529,203565,20%,10%
case_236,30,1492640,51162,30%,20%
case_237,32,1494466,75558,30%,20%
case_238,29,1524910,104754,30%,20%
case_239,33,1478774,152292,30%,20%
case_240,32,1520883,196755,30%,20%
case_241,33,1987486,50000,30%,30%
case_242,31,1992945,73079,30%,30%
case_243,33,1987794,101542,30%,30%
case_244,34,2013199,154993,30%,30%
case_245,30,1998354,198430,30%,30%
case_246,32,222955,50000,0%,0%
case_247,32,198924,70079,0%,0%
case_248,32,195049,97218,0%,0%
case_249,29,176128,147255,0%,0%
case_250,29,202934,202074,0%,0%
case_251,34,416387,54372,0%,5%
case_252,32,399937,75805,0%,5%
case_253,31,395392,101724,0%,5%
case_254,35,392206,154294,0%,5%
case_255,31,416037,198226,0%,5%
case_256,30,582536,50142,5%,5%
case_257,31,577362,79430,0%,5%
case_258,33,587361,98604,0%,5%
case_259,35,614182,146548,0%,5%
case_260,31,616810,204290,0%,5%
case_261,32,811026,50000,20%,10%
case_262,34,809457,71542,5%,10%
case_263,33,810757,104071,5%,10%
case_264,32,788713,150840,5%,10%
case_265,33,775098,201355,5%,10%
case_266,33,1020475,50000,20%,10%
case_267,35,1013577,71691,20%,10%
case_268,32,983356,101865,20%,10%
case_269,34,1023622,149205,20%,10%
case_270,33,985752,199195,20%,10%
case_271,31,1506099,52734,30%,20%
case_272,35,1521693,74201,30%,20%
case_273,31,1506725,102766,30%,20%
case_274,32,1487454,152168,30%,20%
case_275,30,1521217,203217,30%,20%
case_276,30,2016445,50000,30%,30%
case_277,31,2002483,77253,30%,30%
case_278,30,2019413,97801,30%,30%
case_279,34,2006735,145209,30%,30%
case_280,30,2024833,195831,30%,30%
case_281,35,203697,54700,0%,0%
case_282,32,181256,71950,0%,0%
case_283,35,182733,104751,0%,0%
case_284,34,221761,146517,0%,0%
case_285,35,222820,202809,0%,0%
case_286,36,403211,50000,0%,5%
case_287,33,376821,73362,0%,5%
case_288,34,410641,97876,0%,5%
case_289,32,404504,146764,0%,5%
case_290,31,376526,201309,0%,5%
case_291,32,581663,50000,5%,5%
case_292,33,611606,76358,5%,5%
case_293,30,586728,101746,0%,5%
case_294,35,612340,154823,0%,5%
case_295,34,585993,200292,0%,5%
case_296,32,803466,52094,20%,10%
case_297,35,784516,79127,5%,10%
case_298,33,811945,99563,5%,10%
case_299,30,797646,147264,5%,10%
case_300,31,788091,199410,5%,10%
case_301,34,1014567,53470,20%,10%
case_302,36,998680,74685,20%,10%
case_303,34,1006033,100198,20%,10%
case_304,35,999448,154655,20%,10%
case_305,33,987862,202349,20%,10%
case_306,35,1484667,50000,30%,20%
case_307,35,1513796,70990,30%,20%
case_308,34,1477154,99029,30%,20%
case_309,31,1524492,146605,30%,20%
case_310,32,1507661,196149,30%,20%
case_311,35,1986080,50000,30%,30%
case_312,31,2017244,78974,30%,30%
case_313,31,1982074,95112,30%,30%
case_314,35,2020233,153200,30%,30%
case_315,35,1977251,197108,30%,30%
case_316,31,215071,50000,0%,0%
case_317,36,207679,74286,0%,0%
case_318,37,218748,103360,0%,0%
case_319,32,218814,153472,0%,0%
case_320,36,219227,196474,0%,0%
case_321,31,375699,52569,0%,5%
case_322,33,387574,76210,0%,5%
case_323,31,386899,95113,0%,5%
case_324,33,403740,147024,0%,5%
case_325,37,400826,196299,0%,5%
case_326,32,620178,50000,5%,5%
case_327,37,601817,74551,5%,5%
case_328,37,599294,96709,5%,5%
case_329,32,599413,151530,0%,5%
case_330,35,595962,196622,0%,5%
case_331,36,792341,50000,5%,10%
case_332,34,809065,72535,5%,10%
case_333,33,820038,96939,5%,10%
case_334,32,794024,146261,5%,10%
case_335,36,781074,204532,5%,10%
case_336,32,1008252,50000,20%,10%
case_337,31,992682,72306,20%,10%
case_338,31,1020447,99719,20%,10%
case_339,37,1015442,145021,20%,10%
case_340,31,1019041,203141,20%,10%
case_341,37,1513948,50000,30%,20%
case_342,31,1514044,79301,30%,20%
case_343,35,1477005,102527,30%,20%
case_344,37,1506367,148395,30%,20%
case_345,37,1508628,198994,30%,20%
case_346,37,1990147,50000,30%,30%
case_347,37,1987066,71566,30%,30%
case_348,34,1992581,102243,30%,30%
case_349,35,1991413,145151,30%,30%
case_350,35,1991781,198736,30%,30%
case_351,35,201080,50000,0%,0%
case_352,38,212231,78601,0%,0%
case_353,37,193740,99134,0%,0%
case_354,33,182706,150282,0%,0%
case_355,37,191879,198930,0%,0%
case_356,32,398246,50000,0%,5%
case_357,36,407872,73602,0%,5%
case_358,35,408721,102869,0%,5%
case_359,33,424410,152296,0%,5%
case_360,35,405317,204131,0%,5%
case_361,34,618862,50000,5%,5%
case_362,37,583236,77021,5%,5%
case_363,35,622788,95703,5%,5%
case_364,36,601323,147411,0%,5%
case_365,37,609827,195717,0%,5%
case_366,36,815774,50000,20%,10%
case_367,33,778683,79738,5%,10%
case_368,32,814183,103012,5%,10%
case_369,35,806795,145208,5%,10%
case_370,38,819162,198929,5%,10%
case_371,32,975704,50000,20%,10%
case_372,38,1007467,77386,20%,10%
case_373,35,975532,103548,20%,10%
case_374,37,1005370,148320,20%,10%
case_375,34,997495,198556,20%,10%
case_376,35,1505838,50000,30%,20%
case_377,33,1492767,76010,30%,20%
case_378,38,1510865,104503,30%,20%
case_379,32,1518707,150598,30%,20%
case_380,34,1476661,201662,30%,20%
case_381,35,2001258,52520,30%,30%
case_382,32,1977629,76461,30%,30%
case_383,38,1979404,100965,30%,30%
case_384,34,1995959,146173,30%,30%
case_385,36,1977340,197705,30%,30%
case_386,39,189226,50000,0%,0%
case_387,39,213070,74475,0%,0%
case_388,34,177981,102023,0%,0%
case_389,33,176956,149465,0%,0%
case_390,39,205945,196459,0%,0%
case_391,37,382520,51079,0%,5%
case_392,35,380326,79552,0%,5%
case_393,36,377366,97465,0%,5%
case_394,35,407085,147809,0%,5%
case_395,39,398645,202140,0%,5%
case_396,33,617186,50126,5%,5%
case_397,39,621083,74871,5%,5%
case_398,34,606315,100821,5%,5%
case_399,33,615273,147755,0%,5%
case_400,39,578700,200853,0%,5%
case_401,34,809354,50000,20%,10%
case_402,39,805202,76197,5%,10%
case_403,36,790156,98188,5%,10%
case_404,34,794012,153720,5%,10%
case_405,38,813109,201326,5%,10%
case_406,38,1014529,53468,20%,10%
case_407,35,989496,79935,20%,10%
case_408,35,1010072,97552,20%,10%
case_409,36,1016119,147671,20%,10%
case_410,33,1023684,204426,20%,10%
case_411,34,1496481,50141,30%,20%
case_412,37,1490781,70688,30%,20%
case_413,36,1502228,96364,30%,20%
case_414,37,1524265,146866,30%,20%
case_415,35,1487015,203118,30%,20%
case_416,38,2006376,53279,30%,30%
case_417,38,2024252,78153,30%,30%
case_418,38,1977130,95932,30%,30%
case_419,38,2013342,149977,30%,30%
case_420,35,2003618,200355,30%,30%
case_421,39,180773,50000,0%,0%
case_422,36,197533,72615,0%,0%
case_423,36,186568,101993,0%,0%
case_424,34,221726,146387,0%,0%
case_425,38,208231,202923,0%,0%
case_426,39,378607,50670,0%,5%
case_427,34,406962,73582,0%,5%
case_428,40,421208,96342,0%,5%
case_429,37,383642,149552,0%,5%
case_430,35,416936,200807,0%,5%
case_431,36,591103,50000,5%,5%
case_432,38,624132,72775,5%,5%
case_433,40,624976,99621,5%,5%
case_434,36,612397,148582,0%,5%
case_435,35,580279,197951,0%,5%
case_436,38,790280,50000,5%,10%
case_437,40,814771,75918,5%,10%
case_438,36,803388,99176,5%,10%
case_439,36,813834,147622,5%,10%
case_440,34,816557,201815,5%,10%
case_441,38,1012209,52703,20%,10%
case_442,35,990125,72700,20%,10%
case_443,40,1007642,97070,20%,10%
case_444,35,1023360,145898,20%,10%
case_445,37,1007282,195349,20%,10%
case_446,38,1475404,50000,30%,20%
case_447,37,1475933,79375,30%,20%
case_448,34,1478993,101004,30%,20%
case_449,38,1515443,145581,30%,20%
case_450,39,1521820,200492,30%,20%
case_451,39,1982119,50000,30%,30%
case_452,36,1998626,72371,30%,30%
case_453,39,1988373,100567,30%,30%
case_454,37,2024474,145362,30%,30%
case_455,36,1981196,201810,30%,30%
case_456,38,182451,50000,0%,0%
case_457,36,195034,70481,0%,0%
case_458,41,213693,96850,0%,0%
case_459,35,222094,147926,0%,0%
case_460,38,214814,200842,0%,0%
case_461,38,420032,50000,0%,5%
case_462,39,415906,76077,0%,5%
case_463,37,398971,103777,0%,5%
case_464,36,391773,148121,0%,5%
case_465,41,389276,201636,0%,5%
case_466,38,602603,50000,5%,5%
case_467,40,609289,71661,5%,5%
case_468,39,590654,100838,0%,5%
case_469,38,575952,150037,0%,5%
case_470,37,620279,203036,0%,5%
case_471,39,801216,52854,5%,10%
case_472,36,793856,78850,5%,10%
case_473,37,783267,97720,5%,10%
case_474,38,816130,154144,5%,10%
case_475,40,811433,195057,5%,10%
case_476,39,976848,50000,20%,10%
case_477,41,987847,72963,20%,10%
case_478,35,987760,95580,20%,10%
case_479,39,979396,150643,20%,10%
case_480,38,981871,202381,20%,10%
case_481,36,1504221,50000,30%,20%
case_482,40,1478372,78623,30%,20%
case_483,41,1491415,101429,30%,20%
case_484,37,1523131,147419,30%,20%
case_485,41,1479315,204253,30%,20%
case_486,38,1986207,50392,30%,30%
case_487,40,1981058,76123,30%,30%
case_488,41,1990943,104182,30%,30%
case_489,35,2001535,146261,30%,30%
case_490,39,1994876,195213,30%,30%
case_491,36,176758,50000,0%,0%
case_492,37,223753,71349,0%,0%
case_493,36,178329,96357,0%,0%
case_494,39,214802,145919,0%,0%
case_495,42,196654,201966,0%,0%
case_496,42,416354,50825,0%,5%
case_497,39,408974,70885,0%,5%
case_498,38,375174,102684,0%,5%
case_499,40,405653,149726,0%,5%
case_500,42,379016,201536,0%,5%
case_501,37,603432,54023,5%,5%
case_502,36,575675,72884,5%,5%
case_503,42,593908,101506,0%,5%
case_504,42,594045,151334,0%,5%
case_505,41,579471,196075,0%,5%
case_506,36,815419,54144,20%,10%
case_507,42,816855,77042,5%,10%
case_508,38,822396,100504,5%,10%
case_509,42,809367,150090,5%,10%
case_510,42,781265,195403,5%,10%
case_511,42,1011982,52641,20%,10%
case_512,40,997127,71183,20%,10%
case_513,37,1005288,96462,20%,10%
case_514,40,992724,148188,20%,10%
case_515,38,1013752,197390,20%,10%
case_516,42,1505271,50000,30%,20%
case_517,40,1485661,70079,30%,20%
case_518,38,1485548,101760,30%,20%
case_519,38,1479533,149688,30%,20%
case_520,42,1493130,203100,30%,20%
case_521,37,2021411,51170,30%,30%
case_522,37,2002348,73199,30%,30%
case_523,42,1980050,103329,30%,30%
case_524,36,2000143,150038,30%,30%
case_525,39,2007266,202366,30%,30%
case_526,37,216695,53480,0%,0%
case_527,42,194732,76852,0%,0%
case_528,37,176640,96555,0%,0%
case_529,37,208464,149813,0%,0%
case_530,42,197460,196050,0%,0%
case_531,42,389318,53456,0%,5%
case_532,42,421095,75222,0%,5%
case_533,43,407984,98010,0%,5%
case_534,40,393254,154182,0%,5%
case_535,39,409616,202082,0%,5%
case_536,43,584469,50000,5%,5%
case_537,43,610551,71107,5%,5%
case_538,41,582687,100639,0%,5%
case_539,40,605779,154944,0%,5%
case_540,41,619485,199173,0%,5%
case_541,41,783246,50000,5%,10%
case_542,42,799597,77017,5%,10%
case_543,38,783335,99807,5%,10%
case_544,38,781190,146747,5%,10%
case_545,37,780323,197708,5%,10%
case_546,40,1021984,50105,20%,10%
case_547,43,993126,79766,20%,10%
case_548,41,1008280,97709,20%,10%
case_549,42,1014181,153024,20%,10%
case_550,39,1011808,203951,20%,10%
case_551,40,1477368,54540,30%,20%
case_552,42,1507938,70284,30%,20%
case_553,43,1503116,102956,30%,20%
case_554,37,1505860,151760,30%,20%
case_555,43,1511166,196904,30%,20%
case_556,42,1978319,50000,30%,30%
case_557,43,1995952,73136,30%,30%
case_558,43,2003150,98313,30%,30%
case_559,40,2014874,153456,30%,30%
case_560,39,2007108,201003,30%,30%
case_561,39,219696,51204,0%,0%
case_562,44,220316,75732,0%,0%
case_563,41,184285,101366,0%,0%
case_564,40,185197,149680,0%,0%
case_565,42,178969,200713,0%,0%
case_566,41,394989,52337,0%,5%
case_567,42,389386,78578,0%,5%
case_568,38,385477,103131,0%,5%
case_569,41,418328,153827,0%,5%
case_570,38,420663,202677,0%,5%
case_571,42,585533,51864,5%,5%
case_572,44,605252,75714,5%,5%
case_573,39,594848,101833,0%,5%
case_574,40,597194,147273,0%,5%
case_575,41,614702,200393,0%,5%
case_576,42,816550,53549,20%,10%
case_577,39,810634,73717,5%,10%
case_578,42,783755,97262,5%,10%
case_579,42,788051,146480,5%,10%
case_580,42,799944,198040,5%,10%
case_581,39,1001222,53914,20%,10%
case_582,39,1017190,73140,20%,10%
case_583,40,997170,100659,20%,10%
case_584,44,995583,152291,20%,10%
case_585,42,1012840,200727,20%,10%
case_586,39,1509495,52607,30%,20%
case_587,44,1510515,71769,30%,20%
case_588,40,1476015,99071,30%,20%
case_589,43,1478767,147492,30%,20%
case_590,38,1485394,203709,30%,20%
case_591,40,2000274,50000,30%,30%
case_592,40,2016422,76761,30%,30%
case_593,38,1984860,102098,30%,30%
case_594,42,2002545,151765,30%,30%
case_595,38,2022653,204155,30%,30%
case_596,43,204588,51914,0%,0%
case_597,42,181636,76394,0%,0%
case_598,44,187056,100194,0%,0%
case_599,39,224185,148197,0%,0%
case_600,40,179802,201675,0%,0%
case_601,45,408307,52675,0%,5%
case_602,43,401601,75254,0%,5%
case_603,43,386916,99754,0%,5%
case_604,45,411415,151567,0%,5%
case_605,40,380133,200381,0%,5%
case_606,40,601062,51567,5%,5%
case_607,39,602132,71892,5%,5%
case_608,44,604318,103793,5%,5%
case_609,45,592893,145156,0%,5%
case_610,43,615196,196739,0%,5%
case_611,44,786624,50000,5%,10%
case_612,40,814740,74776,5%,10%
case_613,42,802835,95260,5%,10%
case_614,39,808868,147178,5%,10%
case_615,45,802786,198135,5%,10%
case_616,43,1000156,50000,20%,10%
case_617,41,987673,74431,20%,10%
case_618,45,997011,104127,20%,10%
case_619,40,1008635,147890,20%,10%
case_620,39,1020120,201414,20%,10%
case_621,39,1475469,54972,30%,20%
case_622,40,1490850,74021,30%,20%
case_623,45,1513326,96470,30%,20%
case_624,42,1481688,150319,30%,20%
case_625,40,1495959,198356,30%,20%
case_626,42,2005649,50000,30%,30%
case_627,39,2013523,76304,30%,30%
case_628,41,1976791,101338,30%,30%
case_629,44,2017153,150094,30%,30%
case_630,45,1990725,197020,30%,30%
case_631,41,209392,53503,0%,0%
case_632,43,194682,75473,0%,0%
case_633,40,207502,98039,0%,0%
case_634,40,208339,146989,0%,0%
case_635,46,210741,195417,0%,0%
case_636,45,380371,50000,0%,5%
case_637,41,402896,76899,0%,5%
case_638,41,381684,102201,0%,5%
case_639,43,389838,149599,0%,5%
case_640,40,421843,195164,0%,5%
case_641,43,598678,50000,5%,5%
case_642,45,623307,71598,5%,5%
case_643,41,614047,96439,5%,5%
case_644,43,602539,151346,0%,5%
case_645,46,580256,199242,0%,5%
case_646,45,815216,51397,20%,10%
case_647,42,779179,74022,5%,10%
case_648,45,783893,96256,5%,10%
case_649,40,803461,154887,5%,10%
case_650,44,795772,199788,5%,10%
case_651,46,989507,50000,20%,10%
case_652,44,1010250,76003,20%,10%
case_653,45,985051,101205,20%,10%
case_654,40,1000072,151303,20%,10%
case_655,43,1023885,195483,20%,10%
case_656,44,1524817,50000,30%,20%
case_657,46,1483338,77518,30%,20%
case_658,41,1490219,104289,30%,20%
case_659,45,1495518,150146,30%,20%
case_660,40,1498731,199095,30%,20%
case_661,43,2006715,50000,30%,30%
case_662,44,2018558,70140,30%,30%
case_663,44,1986968,103147,30%,30%
case_664,41,2008998,150746,30%,30%
case_665,45,2007600,199753,30%,30%
case_666,41,199486,51250,0%,0%
case_667,47,192191,71620,0%,0%
case_668,41,218547,96558,0%,0%
case_669,47,199244,154836,0%,0%
case_670,46,203542,197996,0%,0%
case_671,46,384263,54209,0%,5%
case_672,42,410656,76719,0%,5%
case_673,47,396232,97611,0%,5%
case_674,47,379535,152293,0%,5%
case_675,45,381233,204663,0%,5%
case_676,42,611587,50000,5%,5%
case_677,42,582629,73149,5%,5%
case_678,43,602549,102877,0%,5%
case_679,47,582155,147713,0%,5%
case_680,43,577056,196594,0%,5%
case_681,46,807301,54376,20%,10%
case_682,42,785589,74922,5%,10%
case_683,42,778912,98991,5%,10%
case_684,43,800405,153300,5%,10%
case_685,47,810358,197471,5%,10%
case_686,42,999095,50000,20%,10%
case_687,45,1002501,75307,20%,10%
case_688,47,984407,104678,20%,10%
case_689,41,1000999,149732,20%,10%
case_690,44,977261,196789,20%,10%
case_691,42,1498079,50000,30%,20%
case_692,47,1508454,70213,30%,20%
case_693,45,1513800,103934,30%,20%
case_694,43,1513943,147352,30%,20%
case_695,41,1512799,199628,30%,20%
case_696,41,1997545,50000,30%,30%
case_697,44,1986754,75898,30%,30%
case_698,44,2012808,100033,30%,30%
case_699,45,2016527,149663,30%,30%
case_700,44,2007144,203014,30%,30%
case_701,45,188754,51214,0%,0%
case_702,47,207619,76720,0%,0%
case_703,43,202289,103210,0%,0%
case_704,46,212613,145074,0%,0%
case_705,46,211630,197374,0%,0%
case_706,42,423222,53534,0%,5%
case_707,42,421069,79273,0%,5%
case_708,48,382560,98287,0%,5%
case_709,43,403983,154355,0%,5%
case_710,43,386904,204560,0%,5%
case_711,48,598041,50000,5%,5%
case_712,45,621289,70773,5%,5%
case_713,46,593311,98868,0%,5%
case_714,43,612304,151546,0%,5%
case_715,45,611102,195946,0%,5%
case_716,46,799796,52751,5%,10%
case_717,42,793681,73680,5%,10%
case_718,48,807181,100212,5%,10%
case_719,45,816553,151459,5%,10%
case_720,46,792851,200286,5%,10%
case_721,46,978746,50000,20%,10%
case_722,45,1017259,79710,20%,10%
case_723,44,1018080,102219,20%,10%
case_724,42,1015349,151407,20%,10%
case_725,42,998385,196435,20%,10%
case_726,46,1497432,50000,30%,20%
case_727,44,1502596,73993,30%,20%
case_728,46,1480534,100076,30%,20%
case_729,42,1510898,145201,30%,20%
case_730,43,1482236,202258,30%,20%
case_731,47,1983668,51040,30%,30%
case_732,46,2005202,78842,30%,30%
case_733,43,1983433,98592,30%,30%
case_734,45,2024752,152290,30%,30%
case_735,42,2000728,197819,30%,30%
case_736,45,216074,50000,0%,0%
case_737,45,186713,78642,0%,0%
case_738,44,188813,100917,0%,0%
case_739,46,202876,153669,0%,0%
case_740,43,222959,204905,0%,0%
case_741,45,407320,54116,0%,5%
case_742,44,383632,74867,0%,5%
case_743,44,387928,102706,0%,5%
case_744,45,419823,146801,0%,5%
case_745,45,386666,199131,0%,5%
case_746,48,586367,50629,5%,5%
case_747,44,617688,77106,5%,5%
case_748,49,622999,95673,5%,5%
case_749,45,609311,149614,0%,5%
case_750,45,601606,204630,0%,5%
case_751,48,814346,50506,20%,10%
case_752,44,790164,70777,5%,10%
case_753,47,785247,103304,5%,10%
case_754,45,777826,147979,5%,10%
case_755,43,814700,204722,5%,10%
case_756,49,1016904,53978,20%,10%
case_757,49,1016467,77653,20%,10%
case_758,46,1012341,97270,20%,10%
case_759,47,1008825,149547,20%,10%
case_760,47,1024627,196495,20%,10%
case_761,46,1514500,50000,30%,20%
case_762,47,1478994,78989,30%,20%
case_763,46,1482507,97230,30%,20%
case_764,47,1512180,149762,30%,20%
case_765,44,1521443,199864,30%,20%
case_766,48,1982874,50000,30%,30%
case_767,43,2011573,73971,30%,30%
case_768,46,2016196,102706,30%,30%
case_769,44,1982930,152670,30%,30%
case_770,43,1987123,201257,30%,30%
case_771,45,179304,51991,0%,0%
case_772,44,196245,75229,0%,0%
case_773,50,190703,104970,0%,0%
case_774,45,224214,145042,0%,0%
case_775,46,213390,199399,0%,0%
case_776,49,407851,50000,0%,5%
case_777,45,398245,74224,0%,5%
case_778,47,401669,96539,0%,5%
case_779,45,391820,148455,0%,5%
case_780,48,396501,204984,0%,5%
case_781,46,595408,50000,5%,5%
case_782,46,598698,72130,5%,5%
case_783,50,584023,101773,0%,5%
case_784,45,618807,153318,0%,5%
case_785,49,595157,197345,0%,5%
case_786,44,777665,50000,5%,10%
case_787,47,782025,79192,5%,10%
case_788,49,802670,100637,5%,10%
case_789,49,779702,147751,5%,10%
case_790,44,795356,202370,5%,10%
case_791,44,1001156,50000,20%,10%
case_792,47,984291,74954,20%,10%
case_793,45,991426,98247,20%,10%
case_794,48,993639,147535,20%,10%
case_795,44,1002821,197489,20%,10%
case_796,46,1511630,50187,30%,20%
case_797,49,1505765,70536,30%,20%
case_798,47,1491885,100015,30%,20%
case_799,45,1475669,149379,30%,20%
case_800,48,1504155,203319,30%,20%
case_801,46,1984877,50000,30%,30%
case_802,48,1999933,71169,30%,30%
case_803,50,2023866,100135,30%,30%
case_804,50,1992392,148546,30%,30%
case_805,49,2023229,202642,30%,30%
case_806,50,209686,53264,0%,0%
case_807,45,183766,72466,0%,0%
case_808,50,179746,103285,0%,0%
case_809,50,205111,151557,0%,0%
case_810,49,202914,203276,0%,0%
case_811,47,401473,52576,0%,5%
case_812,46,394137,79179,0%,5%
case_813,47,383859,99064,0%,5%
case_814,45,375036,148164,0%,5%
case_815,47,381923,203417,0%,5%
case_816,48,579618,52318,5%,5%
case_817,50,616833,76461,5%,5%
case_818,45,591842,104333,0%,5%
case_819,45,581527,150747,0%,5%
case_820,47,586608,202306,0%,5%
case_821,45,818262,50000,20%,10%
case_822,45,783262,72508,5%,10%
case_823,49,814062,104050,5%,10%
case_824,51,789847,145553,5%,10%
case_825,47,794172,204045,5%,10%
case_826,46,1015711,50000,20%,10%
case_827,47,997403,70688,20%,10%
case_828,46,987738,104562,20%,10%
case_829,46,984976,146633,20%,10%
case_830,47,1015434,201940,20%,10%
case_831,50,1499767,50000,30%,20%
case_832,50,1499117,77946,30%,20%
case_833,49,1480091,95182,30%,20%
case_834,49,1481662,153390,30%,20%
case_835,47,1484972,195015,30%,20%
case_836,50,2002915,50000,30%,30%
case_837,50,2014926,76764,30%,30%
case_838,45,1996478,101321,30%,30%
case_839,47,1996906,149915,30%,30%
case_840,49,2014730,202090,30%,30%
case_841,52,191484,53454,0%,0%
case_842,50,185009,73052,0%,0%
case_843,51,188672,101980,0%,0%
case_844,51,203336,153980,0%,0%
case_845,46,216752,198859,0%,0%
case_846,47,408308,53633,0%,5%
case_847,49,375680,77658,0%,5%
case_848,46,387455,103518,0%,5%
case_849,48,383128,146848,0%,5%
case_850,52,420689,199321,0%,5%
case_851,48,579704,50000,5%,5%
case_852,48,590214,78172,5%,5%
case_853,46,603003,96609,5%,5%
case_854,47,609130,153199,0%,5%
case_855,52,623668,202424,0%,5%
case_856,50,780849,50000,5%,10%
case_857,46,797243,75286,5%,10%
case_858,46,799086,100505,5%,10%
case_859,49,821946,145833,5%,10%
case_860,49,792399,195306,5%,10%
case_861,48,985795,50373,20%,10%
case_862,51,1022496,71544,20%,10%
case_863,50,984087,101780,20%,10%
case_864,47,998798,154365,20%,10%
case_865,50,995669,196708,20%,10%
case_866,52,1509520,50000,30%,20%
case_867,49,1491670,75618,30%,20%
case_868,47,1499830,100342,30%,20%
case_869,47,1506415,153944,30%,20%
case_870,46,1479624,202438,30%,20%
case_871,51,1991214,50000,30%,30%
case_872,52,2024408,73273,30%,30%
case_873,48,2002194,95921,30%,30%
case_874,47,2012634,149696,30%,30%
case_875,47,2009088,204672,30%,30%
case_876,47,206092,50000,0%,0%
case_877,52,182075,72140,0%,0%
case_878,50,223746,95002,0%,0%
case_879,51,184523,153818,0%,0%
case_880,51,200068,198611,0%,0%
case_881,49,412832,50000,0%,5%
case_882,49,403249,72137,0%,5%
case_883,48,414727,102991,0%,5%
case_884,52,411490,150756,0%,5%
case_885,47,409792,204512,0%,5%
case_886,53,592633,50000,5%,5%
case_887,52,585697,70349,5%,5%
case_888,49,598818,98766,5%,5%
case_889,50,579862,146150,0%,5%
case_890,48,597912,200755,0%,5%
case_891,49,806496,53953,20%,10%
case_892,53,781472,75383,5%,10%
case_893,48,777106,101731,5%,10%
case_894,53,811267,154294,5%,10%
case_895,50,777771,201696,5%,10%
case_896,47,987254,52598,20%,10%
case_897,47,1005582,73596,20%,10%
case_898,49,1002808,96204,20%,10%
case_899,53,1017431,149136,20%,10%
case_900,53,1009369,199090,20%,10%
case_901,47,1504503,50000,30%,20%
case_902,47,1489288,71868,30%,20%
case_903,52,1491871,102211,30%,20%
case_904,49,1481281,154612,30%,20%
case_905,52,1504476,202553,30%,20%
case_906,47,1988247,51688,30%,30%
case_907,50,2014373,77595,30%,30%
case_908,51,2017182,96440,30%,30%
case_909,48,2024562,146335,30%,30%
case_910,51,2003879,202331,30%,30%
case_911,51,182785,52986,0%,0%
case_912,49,198559,77963,0%,0%
case_913,53,224198,100842,0%,0%
case_914,54,200398,153240,0%,0%
case_915,50,210825,195390,0%,0%
case_916,51,405792,52847,0%,5%
case_917,54,410308,77872,0%,5%
case_918,52,384730,103601,0%,5%
case_919,53,409629,154372,0%,5%
case_920,50,376535,199274,0%,5%
case_921,50,608801,50000,5%,5%
case_922,52,606308,78060,5%,5%
case_923,54,609381,99925,5%,5%
case_924,54,609426,154441,0%,5%
case_925,51,609268,203838,0%,5%
case_926,49,788253,53306,5%,10%
case_927,48,821888,78724,5%,10%
case_928,48,811521,102223,5%,10%
case_929,49,785146,148970,5%,10%
case_930,49,799845,204749,5%,10%
case_931,48,1024552,51936,20%,10%
case_932,52,1008692,75198,20%,10%
case_933,54,1004416,103157,20%,10%
case_934,54,1016708,153747,20%,10%
case_935,49,996414,204941,20%,10%
case_936,50,1487291,50000,30%,20%
case_937,52,1503279,70849,30%,20%
case_938,50,1482147,102769,30%,20%
case_939,53,1510729,147864,30%,20%
case_940,53,1484551,204714,30%,20%
case_941,50,2024332,52880,30%,30%
case_942,52,2006615,78009,30%,30%
case_943,49,2018368,96143,30%,30%
case_944,51,1992072,150742,30%,30%
case_945,51,2019436,201676,30%,30%
case_946,50,199730,50000,0%,0%
case_947,54,187533,78064,0%,0%
case_948,53,218227,102628,0%,0%
case_949,55,179961,154820,0%,0%
case_950,55,182981,202115,0%,0%
case_951,54,405810,51814,0%,5%
case_952,49,382205,73160,0%,5%
case_953,52,417420,104077,0%,5%
case_954,55,386244,146237,0%,5%
case_955,50,415672,200008,0%,5%
case_956,53,594619,50000,5%,5%
case_957,49,610660,73407,5%,5%
case_958,54,622978,95576,5%,5%
case_959,52,585684,152569,0%,5%
case_960,49,585133,201987,0%,5%
case_961,55,802979,52183,20%,10%
case_962,54,815981,72864,5%,10%
case_963,49,802634,96108,5%,10%
case_964,51,817059,153801,5%,10%
case_965,54,775374,200328,5%,10%
case_966,50,991131,50000,20%,10%
case_967,54,1024667,71762,20%,10%
case_968,52,990719,102512,20%,10%
case_969,54,996661,145598,20%,10%
case_970,51,1020278,196846,20%,10%
case_971,50,1524131,50000,30%,20%
case_972,52,1487893,72990,30%,20%
case_973,49,1503518,97206,30%,20%
case_974,51,1502087,145216,30%,20%
case_975,49,1506623,202127,30%,20%
case_976,54,1990150,53694,30%,30%
case_977,55,2004744,73859,30%,30%
case_978,55,2022751,96939,30%,30%
case_979,51,2014802,146523,30%,30%
case_980,52,1990772,200314,30%,30%
case_981,56,179569,50000,0%,0%
case_982,52,216893,79151,0%,0%
case_983,53,196833,100171,0%,0%
case_984,50,198252,154591,0%,0%
case_985,50,206759,199470,0%,0%
case_986,52,391398,53730,0%,5%
case_987,50,388334,77770,0%,5%
case_988,50,392696,99931,0%,5%
case_989,51,411324,151091,0%,5%
case_990,54,423392,195667,0%,5%
case_991,50,579596,52117,5%,5%
case_992,51,597475,72493,5%,5%
case_993,50,621492,96343,5%,5%
case_994,51,605391,149940,0%,5%
case_995,55,582794,199191,0%,5%
case_996,51,792720,50000,5%,10%
case_997,53,814453,73444,5%,10%
case_998,56,812360,103635,5%,10%
case_999,56,780196,150152,5%,10%
case_1000,52,815961,202110,5%,10%
case_1001,55,1017359,53460,20%,10%
case_1002,56,1013544,79453,20%,10%
case_1003,50,998722,98366,20%,10%
case_1004,51,988284,150639,20%,10%
case_1005,56,995104,202875,20%,10%
case_1006,56,1519963,52748,30%,20%
case_1007,54,1514579,77488,30%,20%
case_1008,50,1487313,98905,30%,20%
case_1009,56,1514529,146225,30%,20%
case_1010,52,1520346,197660,30%,20%
case_1011,56,1983678,51376,30%,30%
case_1012,55,2016445,73161,30%,30%
case_1013,52,1977941,102862,30%,30%
case_1014,52,1987528,146554,30%,30%
case_1015,55,1978236,198889,30%,30%
case_1016,57,224792,50000,0%,0%
case_1017,51,179059,78547,0%,0%
case_1018,55,222138,99267,0%,0%
case_1019,55,192029,151165,0%,0%
case_1020,55,192692,197375,0%,0%
case_1021,51,380034,50254,0%,5%
case_1022,52,384272,72406,0%,5%
case_1023,55,384497,104783,0%,5%
case_1024,53,423231,149846,0%,5%
case_1025,55,382224,199928,0%,5%
case_1026,54,620364,50762,5%,5%
case_1027,54,575998,77635,0%,5%
case_1028,54,577326,102689,0%,5%
case_1029,54,606508,146432,0%,5%
case_1030,56,582634,197346,0%,5%
case_1031,56,806852,50000,20%,10%
case_1032,51,821697,73686,5%,10%
case_1033,56,815627,104684,5%,10%
case_1034,54,796466,149223,5%,10%
case_1035,55,790424,202294,5%,10%
case_1036,55,1010399,52692,20%,10%
case_1037,56,989129,74208,20%,10%
case_1038,57,1012202,96830,20%,10%
case_1039,51,1015283,152824,20%,10%
case_1040,56,1006798,200721,20%,10%
case_1041,57,1477587,54245,30%,20%
case_1042,53,1521131,73516,30%,20%
case_1043,51,1518860,97749,30%,20%
case_1044,55,1504146,151477,30%,20%
case_1045,53,1495281,202048,30%,20%
case_1046,52,2020817,50000,30%,30%
case_1047,54,1983882,76922,30%,30%
case_1048,56,2010135,97326,30%,30%
case_1049,54,2006052,145583,30%,30%
case_1050,57,1999597,197718,30%,30%
case_1051,53,177976,51209,0%,0%
case_1052,58,180119,78017,0%,0%
case_1053,52,177696,100664,0%,0%
case_1054,53,202917,145421,0%,0%
case_1055,58,203288,201880,0%,0%
case_1056,56,412967,53144,0%,5%
case_1057,57,409617,72853,0%,5%
case_1058,56,379279,99383,0%,5%
case_1059,53,411205,152901,0%,5%
case_1060,54,424157,195817,0%,5%
case_1061,57,605844,53446,5%,5%
case_1062,52,610175,74695,5%,5%
case_1063,56,589357,103236,0%,5%
case_1064,53,585927,147847,0%,5%
case_1065,52,604074,200479,0%,5%
case_1066,52,775088,51102,5%,10%
case_1067,57,796022,70206,5%,10%
case_1068,52,822198,97665,5%,10%
case_1069,56,789826,148167,5%,10%
case_1070,54,807578,198642,5%,10%
case_1071,55,1004181,50000,20%,10%
case_1072,54,1021721,79684,20%,10%
case_1073,57,976029,99910,20%,10%
case_1074,54,1023811,152773,20%,10%
case_1075,54,1023659,200605,20%,10%
case_1076,57,1513488,52796,30%,20%
case_1077,57,1488425,78375,30%,20%
case_1078,52,1478668,97072,30%,20%
case_1079,55,1485817,153383,30%,20%
case_1080,58,1503190,195989,30%,20%
case_1081,56,2012915,50714,30%,30%
case_1082,54,1986888,72486,30%,30%
case_1083,52,2000178,98886,30%,30%
case_1084,57,1992887,154252,30%,30%
case_1085,56,1975934,195431,30%,30%
case_1086,53,212121,50000,0%,0%
case_1087,54,178793,78601,0%,0%
case_1088,56,222851,96155,0%,0%
case_1089,55,181428,154997,0%,0%
case_1090,54,194127,203267,0%,0%
case_1091,55,412590,50000,0%,5%
case_1092,56,375513,78491,0%,5%
case_1093,53,399059,95090,0%,5%
case_1094,58,386439,147301,0%,5%
case_1095,59,388273,196520,0%,5%
case_1096,55,603832,54422,5%,5%
case_1097,59,575973,75849,5%,5%
case_1098,54,604178,101275,5%,5%
case_1099,59,608743,147546,0%,5%
case_1100,56,617428,197558,0%,5%
case_1101,57,808105,54655,20%,10%
case_1102,58,775580,76515,5%,10%
case_1103,57,811970,98391,5%,10%
case_1104,57,813693,152292,5%,10%
case_1105,58,783249,200066,5%,10%
case_1106,53,1009998,50000,20%,10%
case_1107,57,983409,71940,20%,10%
case_1108,56,998605,96680,20%,10%
case_1109,59,984195,148434,20%,10%
case_1110,58,1002471,201134,20%,10%
case_1111,57,1511594,50000,30%,20%
case_1112,58,1515559,77883,30%,20%
case_1113,53,1496598,104145,30%,20%
case_1114,56,1509467,149425,30%,20%
case_1115,58,1510291,204454,30%,20%
case_1116,56,2016492,52649,30%,30%
case_1117,57,2010926,74992,30%,30%
case_1118,53,2004128,99606,30%,30%
case_1119,53,2013201,149981,30%,30%
case_1120,55,1989852,197496,30%,30%
case_1121,57,180898,54734,0%,0%
case_1122,60,186719,78688,0%,0%
case_1123,60,176273,100311,0%,0%
case_1124,55,179186,148828,0%,0%
case_1125,56,195160,203339,0%,0%
case_1126,60,405407,51630,0%,5%
case_1127,57,411492,78542,0%,5%
case_1128,59,399551,99891,0%,5%
case_1129,57,404726,147494,0%,5%
case_1130,59,375872,203558,0%,5%
case_1131,60,588507,52581,0%,5%
case_1132,57,586330,76311,5%,5%
case_1133,57,602344,104358,0%,5%
case_1134,57,596705,152746,0%,5%
case_1135,56,576704,197551,0%,5%
case_1136,56,781425,50000,5%,10%
case_1137,54,812667,74031,5%,10%
case_1138,55,800250,98586,5%,10%
case_1139,58,809696,147127,5%,10%
case_1140,56,775094,201590,5%,10%
case_1141,60,998608,50643,20%,10%
case_1142,54,1021594,75238,20%,10%
case_1143,57,983274,103812,20%,10%
case_1144,58,1004986,153204,20%,10%
case_1145,58,1006800,202385,20%,10%
case_1146,59,1511979,50000,30%,20%
case_1147,54,1495712,79172,30%,20%
case_1148,58,1496053,104684,30%,20%
case_1149,58,1498576,153914,30%,20%
case_1150,58,1478481,201414,30%,20%
case_1151,60,2003792,52128,30%,30%
case_1152,59,2010504,77576,30%,30%
case_1153,60,1976345,97788,30%,30%
case_1154,59,1979336,145519,30%,30%
case_1155,57,2012491,204547,30%,30%
case_1156,60,222762,50000,0%,0%
case_1157,55,203735,72843,0%,0%
case_1158,56,212807,97070,0%,0%
case_1159,59,187724,154920,0%,0%
case_1160,58,207554,196872,0%,0%
case_1161,56,424714,51297,0%,5%
case_1162,60,407706,70744,0%,5%
case_1163,59,375967,97111,0%,5%
case_1164,58,420890,150576,0%,5%
case_1165,57,421924,201586,0%,5%
case_1166,55,577743,50000,5%,5%
case_1167,56,600211,74431,5%,5%
case_1168,59,612202,96955,5%,5%
case_1169,58,580017,149696,0%,5%
case_1170,57,577640,200203,0%,5%
case_1171,59,808554,50000,20%,10%
case_1172,58,798614,75406,5%,10%
case_1173,55,812559,98517,5%,10%
case_1174,60,804526,154476,5%,10%
case_1175,58,820158,197557,5%,10%
case_1176,58,1008797,52938,20%,10%
case_1177,55,980090,78894,20%,10%
case_1178,57,1022067,98782,20%,10%
case_1179,55,1020248,147409,20%,10%
case_1180,60,989860,203282,5%,10%
case_1181,57,1484676,50000,30%,20%
case_1182,58,1510014,74224,30%,20%
case_1183,59,1501800,97812,30%,20%
case_1184,59,1524442,154513,30%,20%
case_1185,60,1489281,199942,20%,20%
case_1186,56,2005820,50000,30%,30%
case_1187,55,2011644,73702,30%,30%
case_1188,61,2008776,104695,30%,30%
case_1189,61,1976430,152560,30%,30%
case_1190,55,1983001,199119,30%,30%
case_1191,60,192222,51693,0%,0%
case_1192,59,207886,75803,0%,0%
case_1193,57,215693,104691,0%,0%
case_1194,60,204560,148897,0%,0%
case_1195,57,187966,198254,0%,0%
case_1196,61,386562,50000,0%,5%
case_1197,58,394291,72194,0%,5%
case_1198,57,394486,102924,0%,5%
case_1199,59,412302,145227,0%,5%
case_1200,60,387082,203138,0%,5%
case_1201,61,620445,52814,5%,5%
case_1202,57,580436,78354,5%,5%
case_1203,57,615920,98426,5%,5%
case_1204,62,595036,145292,0%,5%
case_1205,60,586241,202105,0%,5%
case_1206,60,815995,53038,5%,10%
case_1207,59,818700,71232,5%,10%
case_1208,58,792548,99700,5%,10%
case_1209,61,795469,147190,5%,10%
case_1210,59,815492,196431,5%,10%
case_1211,56,976162,50000,20%,10%
case_1212,62,988699,74283,20%,10%
case_1213,62,1002257,103573,20%,10%
case_1214,57,988741,147964,20%,10%
case_1215,56,1010887,198660,20%,10%
case_1216,59,1478850,50000,30%,20%
case_1217,61,1479941,76560,30%,20%
case_1218,56,1480478,98423,30%,20%
case_1219,57,1488656,147066,30%,20%
case_1220,60,1499163,203872,20%,20%
case_1221,59,2022792,53613,30%,30%
case_1222,59,1978455,70701,30%,30%
case_1223,58,1987052,101847,30%,30%
case_1224,58,2017949,148018,30%,30%
case_1225,57,2006256,198440,30%,30%
case_1226,63,184121,50000,0%,0%
case_1227,60,220640,73163,0%,0%
case_1228,63,216416,101838,0%,0%
case_1229,62,223632,145209,0%,0%
case_1230,57,193090,199349,0%,0%
case_1231,63,376705,51140,0%,5%
case_1232,61,417339,70694,0%,5%
case_1233,60,394212,102992,0%,5%
case_1234,59,403700,154981,0%,5%
case_1235,62,382042,201514,0%,5%
case_1236,63,605277,52669,5%,5%
case_1237,62,589327,74453,0%,5%
case_1238,57,590506,103122,0%,5%
case_1239,60,584045,154849,0%,5%
case_1240,58,581234,201135,0%,5%
case_1241,58,795781,52802,5%,10%
case_1242,60,798416,78958,5%,10%
case_1243,62,779734,102165,5%,10%
case_1244,62,823934,145884,5%,10%
case_1245,63,811198,204899,5%,10%
case_1246,61,1022969,50000,20%,10%
case_1247,63,1019185,78797,20%,10%
case_1248,63,1024738,101729,20%,10%
case_1249,57,1009116,145577,20%,10%
case_1250,58,990491,196666,20%,10%
case_1251,63,1506491,54536,30%,20%
case_1252,62,1488823,72510,30%,20%
case_1253,62,1477880,96828,30%,20%
case_1254,58,1492080,149210,30%,20%
case_1255,58,1509687,198915,30%,20%
case_1256,58,1998642,53889,30%,30%
case_1257,60,1999541,72428,30%,30%
case_1258,57,2016318,103842,30%,30%
case_1259,62,1979597,148223,30%,30%
case_1260,57,2000930,201890,30%,30%
case_1261,60,211067,50000,0%,0%
case_1262,61,182487,72240,0%,0%
case_1263,64,221185,95649,0%,0%
case_1264,64,193222,145588,0%,0%
case_1265,58,178736,198281,0%,0%
case_1266,63,408978,50000,0%,5%
case_1267,64,382470,78339,0%,5%
case_1268,60,378963,101967,0%,5%
case_1269,64,399923,150676,0%,5%
case_1270,59,377760,203528,0%,5%
case_1271,62,602379,50000,5%,5%
case_1272,61,619642,75482,0%,5%
case_1273,62,588894,101288,0%,5%
case_1274,59,603287,147506,0%,5%
case_1275,64,615408,195050,0%,5%
case_1276,58,801031,50000,20%,10%
case_1277,59,801466,78605,5%,10%
case_1278,59,806722,100920,5%,10%
case_1279,58,817994,152989,5%,10%
case_1280,61,823156,197249,5%,10%
case_1281,64,1004988,50000,20%,10%
case_1282,63,1007057,77447,20%,10%
case_1283,61,998857,98976,20%,10%
case_1284,59,1003309,152579,20%,10%
case_1285,64,976646,204456,5%,10%
case_1286,64,1516195,50000,30%,20%
case_1287,60,1499176,71902,30%,20%
case_1288,61,1497775,96245,30%,20%
case_1289,64,1494418,145700,30%,20%
case_1290,63,1494584,204285,20%,20%
case_1291,58,2015878,51762,30%,30%
case_1292,64,2020089,75529,30%,30%
case_1293,59,1981982,103823,30%,30%
case_1294,64,2021331,148177,30%,30%
case_1295,59,1998185,202402,30%,30%
case_1296,59,219063,50000,0%,0%
case_1297,60,195493,77724,0%,0%
case_1298,59,203989,103493,0%,0%
case_1299,64,223764,146961,0%,0%
case_1300,64,183509,199810,0%,0%
case_1301,63,415555,53699,0%,5%
case_1302,60,398963,77242,0%,5%
case_1303,65,410637,95614,0%,5%
case_1304,59,408039,152226,0%,5%
case_1305,64,397422,203439,0%,5%
case_1306,64,593685,50000,0%,5%
case_1307,62,596347,71794,0%,5%
case_1308,60,587822,100705,0%,5%
case_1309,61,619238,153241,0%,5%
case_1310,63,597324,202030,0%,5%
case_1311,65,789246,51329,5%,10%
case_1312,64,784114,77676,5%,10%
case_1313,62,820898,97749,5%,10%
case_1314,60,788273,152515,5%,10%
case_1315,59,815124,203940,5%,10%
case_1316,65,980386,50000,20%,10%
case_1317,59,1016084,72022,20%,10%
case_1318,63,1006092,97455,20%,10%
case_1319,59,1023514,150993,20%,10%
case_1320,64,1002543,198504,20%,10%
case_1321,60,1481299,50000,30%,20%
case_1322,61,1524913,70152,30%,20%
case_1323,60,1489597,102143,30%,20%
case_1324,65,1520534,146260,30%,20%
case_1325,61,1476992,195901,20%,20%
case_1326,64,2006130,50000,30%,30%
case_1327,64,2002075,78816,30%,30%
case_1328,62,2008372,95551,30%,30%
case_1329,65,1978962,145015,30%,30%
case_1330,61,1987122,201051,30%,30%
case_1331,66,186399,52614,0%,0%
case_1332,62,205764,72132,0%,0%
case_1333,61,223568,100264,0%,0%
case_1334,64,209657,147761,0%,0%
case_1335,60,204468,198090,0%,0%
case_1336,63,415121,50000,0%,5%
case_1337,64,399505,75808,0%,5%
case_1338,62,380410,100537,0%,5%
case_1339,63,407811,146253,0%,5%
case_1340,65,420223,195348,0%,5%
case_1341,65,619643,50000,5%,5%
case_1342,65,584335,70228,0%,5%
case_1343,61,612462,103476,0%,5%
case_1344,66,587506,148871,0%,5%
case_1345,60,594073,204312,0%,5%
case_1346,61,806451,50000,5%,10%
case_1347,62,785866,73419,5%,10%
case_1348,66,781651,102875,5%,10%
case_1349,60,812938,148575,5%,10%
case_1350,63,799759,202427,5%,10%
case_1351,66,994471,50000,20%,10%
case_1352,60,991742,78054,20%,10%
case_1353,66,992404,101816,20%,10%
case_1354,61,1007459,145081,20%,10%
case_1355,62,1003795,200322,20%,10%
case_1356,63,1481655,52923,30%,20%
case_1357,62,1482398,77153,30%,20%
case_1358,62,1488340,103163,30%,20%
case_1359,60,1524682,154785,30%,20%
case_1360,64,1502670,202788,20%,20%
case_1361,66,2007354,50658,30%,30%
case_1362,65,1987111,71935,30%,30%
case_1363,66,2004048,101327,30%,30%
case_1364,65,1975995,146255,30%,30%
case_1365,64,1990398,201013,30%,30%
case_1366,65,192465,51630,0%,0%
case_1367,66,186480,71000,0%,0%
case_1368,65,177423,103441,0%,0%
case_1369,62,224688,147143,0%,0%
case_1370,62,205205,199710,0%,0%
case_1371,61,407649,50000,0%,5%
case_1372,64,399158,76525,0%,5%
case_1373,66,387105,104581,0%,5%
case_1374,67,399277,145494,0%,5%
case_1375,65,375787,198316,0%,5%
case_1376,64,589683,50069,0%,5%
case_1377,63,594619,79707,0%,5%
case_1378,65,618998,96539,0%,5%
case_1379,64,616043,145368,0%,5%
case_1380,67,585218,199951,0%,5%
case_1381,63,779817,54814,5%,10%
case_1382,62,784725,70131,5%,10%
case_1383,67,800753,101839,5%,10%
case_1384,67,819956,146075,5%,10%
case_1385,65,805450,195553,5%,10%
case_1386,66,1017899,50000,20%,10%
case_1387,61,998835,73854,20%,10%
case_1388,66,988383,102537,20%,10%
case_1389,65,1021599,146021,20%,10%
case_1390,63,1006982,199856,20%,10%
case_1391,64,1493475,52722,30%,20%
case_1392,67,1501392,73107,30%,20%
case_1393,61,1500519,101195,30%,20%
case_1394,63,1496813,146488,30%,20%
case_1395,63,1491645,195419,20%,20%
case_1396,65,1984566,50000,30%,30%
case_1397,64,2007280,75666,30%,30%
case_1398,66,1990643,102381,30%,30%
case_1399,66,2008773,151849,30%,30%
case_1400,61,1984616,195370,30%,30%
case_1401,65,212220,50000,0%,0%
case_1402,65,180051,74896,0%,0%
case_1403,63,223005,95767,0%,0%
case_1404,63,212816,154141,0%,0%
case_1405,62,185318,201269,0%,0%
case_1406,62,415959,54443,0%,5%
case_1407,63,385354,77768,0%,5%
case_1408,62,415059,100098,0%,5%
case_1409,68,378895,151794,0%,5%
case_1410,68,384306,196502,0%,5%
case_1411,66,596954,52017,0%,5%
case_1412,63,595491,73569,0%,5%
case_1413,62,595766,99861,0%,5%
case_1414,64,595395,152398,0%,5%
case_1415,65,591292,201039,0%,5%
case_1416,68,809899,50000,5%,10%
case_1417,63,814298,72577,5%,10%
case_1418,66,782583,103120,5%,10%
case_1419,63,819702,147624,5%,10%
case_1420,68,803436,202763,5%,10%
case_1421,68,992801,51064,20%,10%
case_1422,63,997426,75569,20%,10%
case_1423,63,1015586,96354,20%,10%
case_1424,68,996700,149551,20%,10%
case_1425,62,1021232,203365,20%,10%
case_1426,64,1510680,50000,30%,20%
case_1427,65,1483256,74766,30%,20%
case_1428,64,1491222,95447,30%,20%
case_1429,62,1499101,148447,30%,20%
case_1430,62,1507862,202243,30%,20%
case_1431,62,2005307,50204,30%,30%
case_1432,68,1992070,73270,30%,30%
case_1433,63,1999671,104463,30%,30%
case_1434,62,1988964,151533,30%,30%
case_1435,65,1983603,195076,30%,30%
case_1436,66,188681,50000,0%,0%
case_1437,63,179209,76243,0%,0%
case_1438,69,223395,100094,0%,0%
case_1439,67,200119,149511,0%,0%
case_1440,64,218546,195322,0%,0%
case_1441,63,392948,50000,0%,5%
case_1442,65,376112,71077,0%,5%
case_1443,67,384818,98357,0%,5%
case_1444,69,375324,149660,0%,5%
case_1445,68,400858,197880,0%,5%
case_1446,66,612886,50000,5%,5%
case_1447,63,599535,75913,0%,5%
case_1448,63,575812,104855,0%,5%
case_1449,69,581241,150716,0%,5%
case_1450,64,601302,202835,0%,5%
case_1451,63,811148,50556,5%,10%
case_1452,65,777348,73871,5%,10%
case_1453,67,795656,98710,5%,10%
case_1454,69,798458,153676,5%,10%
case_1455,67,788150,195055,5%,10%
case_1456,64,993292,51801,20%,10%
case_1457,64,995998,76015,20%,10%
case_1458,66,1023471,96836,20%,10%
case_1459,64,978395,148947,20%,10%
case_1460,69,1001682,195151,20%,10%
case_1461,63,1491513,54731,30%,20%
case_1462,67,1502644,77247,30%,20%
case_1463,67,1490530,97699,30%,20%
case_1464,65,1512584,145461,30%,20%
case_1465,66,1507569,203243,30%,20%
case_1466,67,2020678,50000,30%,30%
case_1467,69,2002676,79291,30%,30%
case_1468,64,2007294,97765,30%,30%
case_1469,65,2006749,153661,30%,30%
case_1470,67,2022123,199174,30%,30%
case_1471,69,214259,50000,0%,0%
case_1472,69,224974,74099,0%,0%
case_1473,66,208146,102700,0%,0%
case_1474,68,198245,153636,0%,0%
case_1475,70,186480,201086,0%,0%
case_1476,66,413605,50000,0%,5%
case_1477,70,381223,74763,0%,5%
case_1478,66,402491,103150,0%,5%
case_1479,65,402587,151916,0%,5%
case_1480,70,379068,197067,0%,5%
case_1481,65,597389,54235,0%,5%
case_1482,69,584900,71105,0%,5%
case_1483,68,580047,102669,0%,5%
case_1484,70,613451,147764,0%,5%
case_1485,66,603926,200551,0%,5%
case_1486,70,791963,53441,5%,10%
case_1487,66,811410,70309,5%,10%
case_1488,64,803309,104175,5%,10%
case_1489,65,795734,154892,5%,10%
case_1490,70,787130,202694,5%,10%
case_1491,65,1004964,52858,20%,10%
case_1492,67,986685,77567,20%,10%
case_1493,64,1018466,97894,20%,10%
case_1494,70,1007823,151123,20%,10%
case_1495,65,975581,202719,5%,10%
case_1496,67,1507220,50000,30%,20%
case_1497,64,1508379,79911,30%,20%
case_1498,67,1484338,101845,30%,20%
case_1499,65,1494788,148838,30%,20%
case_1500,66,1487948,197559,20%,20%
case_1501,67,1997433,50000,30%,30%
case_1502,65,1996461,71632,30%,30%
case_1503,65,2020256,97837,30%,30%
case_1504,64,2021076,146765,30%,30%
case_1505,64,2009257,203380,30%,30%
case_1506,70,195773,50000,0%,0%
case_1507,67,205608,79367,0%,0%
case_1508,66,178113,100155,0%,0%
case_1509,70,198223,147728,0%,0%
case_1510,70,185623,196556,0%,0%
case_1511,71,396173,50385,0%,5%
case_1512,67,409420,74181,0%,5%
case_1513,69,412607,102565,0%,5%
case_1514,65,416960,154993,0%,5%
case_1515,68,382202,199016,0%,5%
case_1516,65,623819,51470,5%,5%
case_1517,69,575674,73672,0%,5%
case_1518,67,584612,99884,0%,5%
case_1519,65,580173,148704,0%,5%
case_1520,65,592815,204153,0%,5%
case_1521,65,776603,50000,5%,10%
case_1522,69,812222,75679,5%,10%
case_1523,69,812453,103734,5%,10%
case_1524,65,785052,147414,5%,10%
case_1525,69,802341,198735,5%,10%
case_1526,70,1007551,50000,20%,10%
case_1527,65,992274,77940,20%,10%
case_1528,67,992356,99336,20%,10%
case_1529,69,1004833,145312,20%,10%
case_1530,71,976517,195546,5%,10%
case_1531,66,1519972,54085,30%,20%
case_1532,66,1505279,79589,30%,20%
case_1533,66,1523102,97976,30%,20%
case_1534,70,1509258,154606,30%,20%
case_1535,68,1494871,203644,20%,20%
case_1536,67,1981604,53830,30%,30%
case_1537,67,2012544,74839,30%,30%
case_1538,70,2005635,96688,30%,30%
case_1539,71,2021634,149036,30%,30%
case_1540,66,1999550,199575,30%,30%
case_1541,67,192730,54772,0%,0%
case_1542,71,196579,79446,0%,0%
case_1543,72,216414,103087,0%,0%
case_1544,69,202806,150042,0%,0%
case_1545,67,201368,204556,0%,0%
case_1546,71,404501,52156,0%,5%
case_1547,66,405188,73789,0%,5%
case_1548,66,424470,100940,0%,5%
case_1549,72,380830,154733,0%,5%
case_1550,70,381131,195295,0%,5%
case_1551,70,602931,50000,5%,5%
case_1552,68,587087,73705,0%,5%
case_1553,68,588391,99077,0%,5%
case_1554,70,616040,149349,0%,5%
case_1555,72,592610,200695,0%,5%
case_1556,67,804697,50000,5%,10%
case_1557,68,810946,70861,5%,10%
case_1558,72,819184,100148,5%,10%
case_1559,71,786132,150860,5%,10%
case_1560,70,816130,201246,5%,10%
case_1561,68,994459,50000,20%,10%
case_1562,70,983307,75708,20%,10%
case_1563,69,996627,100570,20%,10%
case_1564,66,1006704,150655,20%,10%
case_1565,72,980896,197082,5%,10%
case_1566,69,1496611,52955,30%,20%
case_1567,71,1507502,79543,30%,20%
case_1568,68,1479082,95816,30%,20%
case_1569,69,1510856,146964,30%,20%
case_1570,72,1508374,198055,30%,20%
case_1571,68,1975563,51651,30%,30%
case_1572,66,2010303,73379,30%,30%
case_1573,69,1988053,96811,30%,30%
case_1574,69,2019503,151554,30%,30%
case_1575,68,1999571,201475,30%,30%
case_1576,69,180104,50452,0%,0%
case_1577,71,222640,72898,0%,0%
case_1578,70,212366,96258,0%,0%
case_1579,73,206463,149028,0%,0%
case_1580,68,191763,203857,0%,0%
case_1581,69,401311,50000,0%,5%
case_1582,70,403086,75412,0%,5%
case_1583,69,403371,98731,0%,5%
case_1584,71,423477,147679,0%,5%
case_1585,73,411052,197195,0%,5%
case_1586,73,589615,53559,0%,5%
case_1587,71,590052,75628,0%,5%
case_1588,73,597234,97656,0%,5%
case_1589,68,619398,150799,0%,5%
case_1590,72,576765,199623,0%,5%
case_1591,68,819146,50000,5%,10%
case_1592,70,804377,77886,5%,10%
case_1593,68,811412,96988,5%,10%
case_1594,70,814367,150676,5%,10%
case_1595,67,800608,202997,5%,10%
case_1596,70,991225,52481,20%,10%
case_1597,69,987342,79919,20%,10%
case_1598,68,995056,97575,20%,10%
case_1599,70,997736,150713,20%,10%
case_1600,68,975439,196249,5%,10%
case_1601,69,1492990,50000,30%,20%
case_1602,73,1498024,77435,30%,20%
case_1603,73,1501423,99115,30%,20%
case_1604,68,1501275,151853,30%,20%
case_1605,67,1485442,195096,20%,20%
case_1606,67,2013858,50000,30%,30%
case_1607,68,2018650,79721,30%,30%
case_1608,69,2014320,103646,30%,30%
case_1609,73,1999976,149917,30%,30%
case_1610,68,2009394,197052,30%,30%
